business_id,name,city,neighborhood,latitude,longitude,cuisine,RestaurantsPriceRange2,stars,Waiting Time,Pizza,Delivery/Reservation,Chicken/Pasta,Customer Service,Atmosphere
-mhBbHbh5T_hxKZUYfdexw,TSS Grill,Las Vegas,Sunrise,36.149751,-115.07625359999999,italian,,1.0,0.0,0.0,0.0,0.0,0.3460237045471342,0.6539762954528658
-xbQQR_ydEJGqYzHSF4DnQ,Maciano's Pizza & Pastaria,Las Vegas,Spring Valley,36.086034399999996,-115.30731159999999,italian,2.0,1.8148148148148149,0.1095879087336076,0.16902625386762388,0.30683403980889357,0.09008598376652345,0.18069479920959422,0.1437710146137573
0InA3Ffj8MxyQV9hgsyYcQ,Novecento Pizzeria,Las Vegas,Northwest,36.264773,-115.25796799999999,italian,2.0,2.0652173913043477,0.10679054910011848,0.38302349942114267,0.11573259941423795,0.09885324764777678,0.11083622685647032,0.1847638775602538
0NmTwqYEQiKErDv4a55obg,Scarpetta,Las Vegas,The Strip,36.1102405779,-115.17428845200001,italian,3.0,2.6555555555555554,0.19143921740699324,0.00431190494493778,0.05412595576257661,0.27054545769713056,0.32841028311131004,0.15116718107705165
0aw3HbxkZ4G7pkPYt10fhA,Olive Garden Italian Restaurant,Las Vegas,Sunrise,36.160551299999995,-115.0617047,italian,2.0,1.8285714285714285,0.2376925715142865,0.005463694245844742,0.21938798789758687,0.15781496191385844,0.25080897515773165,0.12883180927069193
0jtRI7hVMpQHpUVtUy4ITw,Omelet House Summerlin,Las Vegas,Summerlin,36.2019904392,-115.283122245,american,2.0,2.0,0.1656932131814687,0.011211293260955244,0.12099078981571978,0.14182236090851658,0.279156261522233,0.2811260813111067
0jtRI7hVMpQHpUVtUy4ITw,Omelet House Summerlin,Las Vegas,Summerlin,36.2019904392,-115.283122245,italian,2.0,2.0,0.1656932131814687,0.011211293260955244,0.12099078981571978,0.14182236090851658,0.279156261522233,0.2811260813111067
0mnnlFCploePlnEaddw63g,Aurelio's Pizza,Las Vegas,Northwest,36.239672799999994,-115.2259534,italian,2.0,1.6666666666666667,0.01652252699740667,0.44754946082846697,0.16478960339426807,0.15607007792372304,0.04419498709415174,0.17087334376198351
0qet57CmMA5qUm6gPFUTpg,Di Fara Pizza,Las Vegas,The Strip,36.116163,-115.17505759999999,italian,2.0,1.5897435897435896,0.09059371117243825,0.5422215882448095,0.05731559384084458,0.10269146212229074,0.11869917437282264,0.0884784702467944
0xdpv5CPpbUUch7JKBG98Q,Sirio Ristorante,Las Vegas,The Strip,36.1068839544,-115.174226761,american,3.0,1.7142857142857142,0.18187458671403403,0.010762241789166929,0.06820465707975736,0.32767126099978455,0.2745068212994068,0.13698043211785035
0xdpv5CPpbUUch7JKBG98Q,Sirio Ristorante,Las Vegas,The Strip,36.1068839544,-115.174226761,italian,3.0,1.7142857142857142,0.18187458671403403,0.010762241789166929,0.06820465707975736,0.32767126099978455,0.2745068212994068,0.13698043211785035
0xzmIBsJQc5eUNLucFrZ0Q,Stratta,Las Vegas,The Strip,36.1260652563,-115.17215976799999,american,3.0,2.5789473684210527,0.18687335439572086,0.1599766189839751,0.06616125588438974,0.243219240208746,0.10754419879108423,0.23622533173608412
0xzmIBsJQc5eUNLucFrZ0Q,Stratta,Las Vegas,The Strip,36.1260652563,-115.17215976799999,italian,3.0,2.5789473684210527,0.18687335439572086,0.1599766189839751,0.06616125588438974,0.243219240208746,0.10754419879108423,0.23622533173608412
12P7GjIoq6oj7qCyJ_c0Ag,Little Caesars Pizza,Las Vegas,Northwest,36.247393200000005,-115.2096463,italian,1.0,1.2142857142857142,0.11558866798620861,0.2996770388215851,0.18300049868397286,0.07295524897883632,0.11440841850298059,0.21437012702641647
1FAvxOUOGGyZoYNlAXACag,Dal Toro Ristorante,Las Vegas,The Strip,36.124268,-115.16950700000001,italian,2.0,1.574468085106383,0.24520270531132485,0.019601867084094643,0.07381901325097835,0.1286280321231128,0.32351084466939417,0.20923753756109523
1Iz9OlIJi12jLWrQYoUsAA,Chianti Cafe,Las Vegas,Summerlin,36.1936092,-115.3040091,italian,2.0,2.0,0.17235205627832892,0.017852285081323548,0.039905691509678584,0.26788622498562775,0.15507952030264538,0.34692422184239574
1JgaRBX0oiRsvEhHF3ZMjw,Upper Crust Pizza,Las Vegas,Summerlin,36.1929381,-115.3055866,italian,1.0,3.1,0.03207125805871393,0.49579014095311,0.050655100726034,0.08004359887262096,0.03707530067783314,0.3043646007116879
1Tak6Q-IlkDrdmLwrEZeSg,Off the Strip Just Real Food,Las Vegas,Spring Valley,36.099571818899996,-115.30722210200001,american,2.0,2.0,0.18877827230200556,0.0027073877303263865,0.14958790033753322,0.2004476585980945,0.2955223465608364,0.16295643447120386
1Tak6Q-IlkDrdmLwrEZeSg,Off the Strip Just Real Food,Las Vegas,Spring Valley,36.099571818899996,-115.30722210200001,italian,2.0,2.0,0.18877827230200556,0.0027073877303263865,0.14958790033753322,0.2004476585980945,0.2955223465608364,0.16295643447120386
1WBVqmo7tgF0z0eGf4fPhQ,Pastaidea,Las Vegas,Summerlin,36.196944,-115.26211699999999,italian,2.0,2.242424242424242,0.07819463144988469,0.002623228661384195,0.16360010912106202,0.32433768147371667,0.19276004136923722,0.23848430792471526
1eyfFwXY0NCS7SMXmgl_Dw,Bertolini's Authentic Trattoria,Las Vegas,Westside,36.1449499,-115.301818,italian,2.0,5.0,0.060598921632328696,0.0,0.0,0.015476757141389564,0.15267244151911347,0.7712518797071681
21sGRVR7HEs_t6PdB9tGMw,Angelina's Pizzeria,Las Vegas,,36.0852347,-115.20739579999999,italian,2.0,1.4320987654320987,0.04861765085569082,0.1442192967050107,0.41048730021716234,0.10513105077750362,0.1323774781771196,0.15916722326751293
2O_b-IAAW7SoPt__RX1Kww,Buca di Beppo,Las Vegas,The Strip,36.113615837,-115.169611573,italian,2.0,1.5,0.19428498733717878,0.017815922020713824,0.09993957331590084,0.2102477168038021,0.29926507494431986,0.17844672557808453
2SfSzEd3B7WimeZac23zhg,Leoné Café,Las Vegas,Westside,36.166996958,-115.286524787,italian,2.0,2.4375,0.15452120236397673,0.01745809805892756,0.12670943693670025,0.17249868557170486,0.18956059136436298,0.33925198570432763
2bK1ng2mnRdtTh_BDNGmIg,North End Pizza,Las Vegas,Centennial,36.2777222,-115.28630929999999,italian,2.0,1.646341463414634,0.02781734096025355,0.3201084831566029,0.2231206312087977,0.10113066866032773,0.11983338380390754,0.20798949221011057
30TxDt2V8G7FWXsKaEKA9A,Marco's Pizza,Las Vegas,South Summerlin,36.128052000000004,-115.31455600000001,italian,2.0,2.0,0.013862253559088655,0.3445606114427615,0.44664036068697033,0.01662373887262704,0.08389081679657567,0.09442221864197678
35sOd4isS-SJi92Yknn-Xg,Bella Luna Ristorante Italiano,Las Vegas,Westside,36.1431878,-115.26365009999999,italian,3.0,1.0,0.0,0.0,0.0,0.0,0.2931487818631354,0.7068512181368647
36ckWelVitpgX16g7lecqA,Canaletto Ristorante Veneto,Las Vegas,The Strip,36.12186320000001,-115.16964909999999,italian,2.0,1.3,0.3592430269330448,0.006142082278886432,0.04087098593049982,0.16274373882441223,0.20873843991012747,0.2222617261230293
38fDU-Bh7eD2oETpF24pAA,Made In Italy Pizzeria Romana,Las Vegas,Spring Valley,36.089649,-115.242873,italian,2.0,3.0,0.0,0.3748115864073141,0.10737210949222264,0.0,0.0,0.5178163041004632
45513UgSlMqWV_yAPVkXrg,Verona Pizza,Las Vegas,Eastside,36.115082539899994,-115.148105845,italian,1.0,1.375,0.029331099927713218,0.26395138678093377,0.34460138969233334,0.11774076412839932,0.09287510165163076,0.15150025781898954
46JVW4pwLDRIye4gYJboSw,Terra Rossa,Las Vegas,South Summerlin,36.1572810451,-115.333614349,italian,3.0,1.8333333333333333,0.1447733985563299,0.05963203409493296,0.05343002130026167,0.21709319990509438,0.39848526514558796,0.1265860809977932
4EfiNcKSsafogIhAjwv0gg,Rustica Pizzeria,Las Vegas,Spring Valley,36.1003949,-115.3047985,italian,2.0,2.03125,0.04363345705347224,0.25733789856631345,0.21492344076449948,0.1841349860066932,0.09843003873993851,0.20154017886908315
4KmrrhtfnngTVFa2d5LAjg,Allegro,Las Vegas,The Strip,36.127858,-115.16596899999999,italian,3.0,1.6956521739130435,0.17462663283263946,0.11512965309508343,0.0745754055484901,0.18318522997391917,0.2912914011668025,0.1611916773830651
4Odbtgh9g8XUKorRg7MTHg,Italian American Club Restaurant,Las Vegas,Downtown,36.145455149600004,-115.116317666,italian,2.0,1.7272727272727273,0.3331535895182535,0.005064835389829763,0.0401061128428667,0.11812140928175424,0.22731920248496643,0.2762348504823293
4VkLiFoIEjTTpbCRgxjnCQ,Spaghetty Western,Las Vegas,Southwest,35.9951546506,-115.20635056399999,italian,2.0,2.246376811594203,0.11395581879851331,0.026208867250935124,0.18849038615504907,0.20056933598559626,0.31013561735442774,0.16063997445547856
4yJVSK-Q5UkED6RjORRssA,El Congo Restaurant,Las Vegas,,36.2020465,-115.24176659999999,italian,2.0,3.0,0.06284537440747713,0.006403963417360196,0.022607482330861083,0.5470828072545525,0.21687804038181904,0.14418233220792998
5CJOaZc8Muu8WothauxQ4g,Pizza Forte,Las Vegas,Eastside,36.110267,-115.15533700000002,italian,1.0,2.4444444444444446,0.0678458689017924,0.599424626107338,0.04397111562541352,0.1120553707783396,0.023357681287281662,0.15334533729983477
5YKsKS3nzdkwu37ORT9oiQ,Pizza Lounge,Las Vegas,Westside,36.1675004657,-115.28591964399999,italian,2.0,1.8461538461538463,0.2356307131731627,0.20012836140679985,0.05201460663147266,0.08637753223260163,0.27513661090465313,0.15071217565131015
5gZ4k_mdDOcEmCG4wHVH-g,Rhodes Ranch Club House Restaurant,Las Vegas,Southwest,36.042984999999994,-115.28893799999999,american,2.0,1.0,0.14084482987897012,0.03980371111750253,0.18413615780986728,0.2217664627990959,0.06610148881187743,0.3473473495826867
5gZ4k_mdDOcEmCG4wHVH-g,Rhodes Ranch Club House Restaurant,Las Vegas,Southwest,36.042984999999994,-115.28893799999999,italian,2.0,1.0,0.14084482987897012,0.03980371111750253,0.18413615780986728,0.2217664627990959,0.06610148881187743,0.3473473495826867
5gv6AqHXfi3gJV4fb432Vw,Little Italy Pizza,Las Vegas,Chinatown,36.122364000000005,-115.19081489999999,italian,1.0,1.2424242424242424,0.02297495597086389,0.2627487129534447,0.28894876615017734,0.07953136742739342,0.08846730027764069,0.25732889722047997
5keoVVM81g-nJw0Zdpl1nA,Evel Pie,Las Vegas,Downtown,36.1692398,-115.1400789,italian,1.0,2.923076923076923,0.08018711661722697,0.4559113687645242,0.0946599459877238,0.05199690898666487,0.05465753642381943,0.2625871232200407
60uVlCUiLJvq3xNo_3bhQQ,Carmine's Pizza Kitchen,Las Vegas,Spring Valley,36.0690513,-115.2987628,italian,2.0,2.65,0.08938575899035686,0.38995544846935515,0.16711001951929708,0.11205736774041215,0.06478395892068303,0.17670744635989571
64o_nYvzIKwHFOSYSEm-qw,Joe's New York Pizza,Las Vegas,Southeast,36.052027100000004,-115.17155,italian,2.0,1.8979591836734695,0.03215921207834174,0.3888064645530955,0.21729866876133733,0.1519009825351663,0.06645460116094302,0.14338007091111604
6H8xfhoZ2IGa3eNiY5FqLA,Trattoria Nakamura-Ya,Las Vegas,Chinatown,36.1266205315,-115.20995189700001,italian,2.0,3.25,0.03847135405993442,0.0028542144835636543,0.04575423659717374,0.5264936436280403,0.17933817435648755,0.14458837687480036
6Na0jTJjX5GQY_ZJ53G02A,Verrazano Pizza,Las Vegas,Southeast,36.0410492,-115.12081,italian,1.0,1.9523809523809523,0.04813946567265283,0.32756576525480363,0.23280854008047047,0.11474267786412419,0.059898542742065235,0.2168450083858837
6PqYwabO2g1r2ZB7eImOiw,Olive Garden Italian Restaurant,Las Vegas,Northwest,36.218748,-115.2444449,italian,2.0,1.8166666666666667,0.2501671240437529,0.009230863607925783,0.1398874478409095,0.1783839115752182,0.2874427703474239,0.1348878825847696
6TQ0gCdAqaBbuDyCGa0joA,Masso Osteria,Las Vegas,South Summerlin,36.156957301599995,-115.33312606700001,italian,3.0,1.5,0.1958101089140745,0.06136632950585885,0.052696782644195236,0.23770085045010805,0.2020474951229792,0.25037843336278415
6bVEM9jD-mpU4WNXcJ9tHA,New York Pizza Ribs & Wings,Las Vegas,Westside,36.160118881500004,-115.234851616,italian,1.0,1.4285714285714286,0.052185095797224766,0.1926999766623761,0.3867924994566857,0.0935655533694926,0.110677917536415,0.16407895717780588
6jDD-Z8QcsKTdIDWwM8gog,Anna Marie's Italian Cuisine,Las Vegas,Spring Valley,36.1016027,-115.31422079999999,italian,2.0,2.0526315789473686,0.22487012824243485,0.070698976676949,0.09122174538069164,0.22047363129075226,0.20534696324520177,0.1873885551639705
6lJB8vc2zNpHpZLuBxGU5A,Italian Delights,Las Vegas,,36.240852600000004,-115.0789297,italian,1.0,1.5,0.05514428430887933,0.4622232704930056,0.012719008297454534,0.07345177678627493,0.08400612709642966,0.31245553301795587
6rjqU2x9A6BErUxh6THz6A,Vinny-Boy's Italian Market Place,Las Vegas,Westside,36.145787,-115.1906168,italian,1.0,1.75,0.049611855355825636,0.012721083170500086,0.07718192062505488,0.2765888707323998,0.05026185581197333,0.5336344143042462
74C1z6cqEdvJVgETTcEodw,Portofino by Chef Michael LaPlaca,Las Vegas,The Strip,36.121305,-115.175582,italian,3.0,2.6666666666666665,0.13043841334870637,0.003269370672096256,0.039153180949286395,0.37300075441829145,0.22059563939665494,0.23354264121496454
78TC3sZSYBzBsSJ0z5pyhw,Le Provencal,Las Vegas,The Strip,36.112500638,-115.170578957,italian,3.0,1.3611111111111112,0.16441120633348508,0.021475933716310586,0.07128025161167523,0.28710465091555204,0.2792456312390036,0.17648232618397344
7NucoWCjPzZyRPjsVR28xQ,Bonanno's New York Pizzeria,Las Vegas,The Strip,36.1027894454,-115.169889609,italian,2.0,1.894736842105263,0.02581959587267615,0.46752575657297213,0.03372707322787627,0.11492482188206102,0.16514048566965556,0.19286226677475882
7fxebHYUwIF6CakxSr70iQ,Carnevino,Las Vegas,The Strip,36.1248436068,-115.168655058,italian,4.0,2.032608695652174,0.20620516611015727,0.008780329832141848,0.061811898217185204,0.2744675769427932,0.2566375766938028,0.19209745220391952
82-wE5pkxyBKhfxyyZap_A,Cafe Modena,Las Vegas,Southeast,36.057301200000005,-115.1285587,american,1.0,1.4166666666666667,0.019329040404166577,0.09105592694519042,0.3994265042530474,0.24352387484819996,0.11980056713008236,0.1268640864193134
82-wE5pkxyBKhfxyyZap_A,Cafe Modena,Las Vegas,Southeast,36.057301200000005,-115.1285587,italian,1.0,1.4166666666666667,0.019329040404166577,0.09105592694519042,0.3994265042530474,0.24352387484819996,0.11980056713008236,0.1268640864193134
83C5ysOCnmNGB_fDsVdr9Q,Brothers Italian Bistro,Las Vegas,Centennial,36.271482899999995,-115.2605999,italian,2.0,1.0769230769230769,0.10397587951598197,0.0933894767994782,0.22693467360270406,0.042845927798479025,0.3433963438066398,0.18945769847671695
8dSIAoz_UphMGpZr_uMing,Rosati's,Las Vegas,Southwest,36.0417005407,-115.24190851899999,italian,2.0,1.9428571428571428,0.04973167131638294,0.33298797143750625,0.21533241159132804,0.1717390964999545,0.0986108721397405,0.13159797701508774
8lZtLSeJVg28Gb75iklmmQ,East Side Pizza,Las Vegas,Westside,36.1604696,-115.28988909999998,italian,2.0,1.6857142857142857,0.05876644185864528,0.35779663108807397,0.1317410117110154,0.10884196328572815,0.11926852834209836,0.22358542371443887
8olG8J91NG_QU92WHG5QfA,Amore Taste of Chicago,Las Vegas,Spring Valley,36.119189,-115.27973329999999,italian,2.0,2.089108910891089,0.07047125832562122,0.29575808559983463,0.22344360970770172,0.16042946562474744,0.10301314869113237,0.14688443205096255
8pmGz3Lg4f_r7HdDZPa4dQ,Payless Pizza,Las Vegas,,36.0994967,-115.22008559999999,american,1.0,1.94,0.03978668556901737,0.29602491347065135,0.3122385759097185,0.1057523563943634,0.08179121716153473,0.16440625149471477
8pmGz3Lg4f_r7HdDZPa4dQ,Payless Pizza,Las Vegas,,36.0994967,-115.22008559999999,american,1.0,1.94,0.03978668556901737,0.29602491347065135,0.3122385759097185,0.1057523563943634,0.08179121716153473,0.16440625149471477
8pmGz3Lg4f_r7HdDZPa4dQ,Payless Pizza,Las Vegas,,36.0994967,-115.22008559999999,italian,1.0,1.94,0.03978668556901737,0.29602491347065135,0.3122385759097185,0.1057523563943634,0.08179121716153473,0.16440625149471477
8qAtou9A4ksXGkjyLibWDg,D. Vino,Las Vegas,The Strip,36.104917057600005,-115.174168257,italian,2.0,1.5925925925925926,0.22580222639428338,0.1037935646801289,0.10362289788654219,0.2010797672418028,0.1610299573156654,0.20467158648157732
8yiLVWzJyyTEhYE0fVNvlA,Il Mulino New York,Las Vegas,The Strip,36.119468,-115.173077,italian,4.0,2.3157894736842106,0.15337485658899747,0.016318672106102893,0.09731266234466625,0.24078464678956482,0.37173925274799763,0.12046990942267088
9IpKGHaPy3hhXo9g5Bt7lg,Metro Pizza,Las Vegas,,36.1184484856,-115.209104221,italian,2.0,2.0714285714285716,0.07775097041466664,0.3522747662735509,0.13291132971561556,0.07153525352031079,0.17573747930043554,0.18979020077542064
A8CbZwWOPsd_9wrJlv94Lw,Dal Italia,Las Vegas,Eastside,36.1149304,-115.0709505,italian,1.0,1.6666666666666667,0.20771974672139715,0.23831121322062213,0.34396434428117306,0.1256112137297221,0.018412475323000038,0.06598100672408565
AMTNJbYbu0OMMAkx4meQxw,Circo,Las Vegas,The Strip,36.111990000000006,-115.177001,italian,4.0,2.357142857142857,0.1839586060048625,0.02791020139903919,0.08498129798512769,0.23808030586617188,0.38552863291120215,0.07954095583359665
AN0bWhisCf6LN9eHZ7DQ3w,Los Olivos Ristorante,Las Vegas,Eastside,36.1291778,-115.09248329999998,italian,2.0,5.0,0.0,0.019144306765072738,0.0,0.016479846959603,0.837355872084045,0.12701997419127914
ANAGlfG4ELW3jiO62GQ1zw,Corsa Cucina,Las Vegas,The Strip,36.1268768,-115.16587320000001,italian,3.0,1.5,0.07037361085149751,0.0,0.0,0.15794525765866899,0.4238837553715433,0.3477973761182901
AOEHe6uKrnC_Aje3kT8-7w,Angelo's Pizza  Kitchen,Las Vegas,Northwest,36.2384845,-115.2245482,italian,2.0,1.4666666666666666,0.050586590292387344,0.09177405388900944,0.4868762715047365,0.05357029766223203,0.10924928980411615,0.20794349684751864
AQKOuwrOCacAhd-jfFMABA,Carmine's Pizza Kitchen,Las Vegas,Downtown,36.145768200000006,-115.13665859999999,italian,2.0,1.5,0.12827939927876758,0.21562534486152996,0.21422433230675908,0.16971014401975917,0.06692982287175561,0.20523095666142854
AZlnpvILz5cEWJifjr2CSQ,Roma Deli II and Wine Shop,Las Vegas,Westside,36.1445144,-115.27752199999999,italian,2.0,2.176470588235294,0.12946697566210078,0.036852256061414575,0.14099293048563405,0.24298311208410303,0.16931389829495216,0.28039082741179555
Ay34xZOFax3X23zaA3nwdg,Roma Deli 1 & Restaurant,Las Vegas,Chinatown,36.125289,-115.21999299999999,italian,2.0,2.5714285714285716,0.0727724425134311,0.018087561615438653,0.14600232000685548,0.38346058748378564,0.1595785730324102,0.22009851534807898
B3GjNu23NqsbGnhcth_MNw,Palermo Pizza Kitchen,Las Vegas,Spring Valley,36.086549299999994,-115.2438663,italian,1.0,1.0,0.10432022008908255,0.3269474408470534,0.06305853864531194,0.08053297343186963,0.17232799583477124,0.2528128311519112
BCORM4dEleJXnyPXoaH3HQ,Giovanni's,Las Vegas,Southeast,36.0559061,-115.1163475,italian,2.0,4.0,0.07622739796288795,0.015729790569954966,0.039615226674230286,0.02616648141616853,0.002262678432899411,0.8399984249438588
BOQOuwSNhfKx1xvKtONsBg,Settebello Pizzeria Napoletana,Las Vegas,Westside,36.1472606377,-115.29965858899999,italian,2.0,2.21875,0.13964286633715706,0.412569355830394,0.07350166425385793,0.08386079152646149,0.14308930251310664,0.14733601953902295
BX-bp0raoO-V1phG66Q9SA,Aroma Garden Cafe,Las Vegas,Spring Valley,36.0816179,-115.24300890000002,italian,2.0,2.0,0.16879663734557804,0.1538793455677743,0.11187131994488614,0.38583716124335204,0.1796155358984096,0.0
BflNpVLfFQujE5uBHUgcFg,Don Antonio's Pizzeria,Las Vegas,Spring Valley,36.1081393459,-115.27829026299999,italian,,1.0,0.0,0.2959666555662915,0.0740293603225704,0.047407696597454106,0.17443879107164736,0.40815749644203664
By7P2EBBvhqoSDj8PnQa8g,D.O.C.G. Enoteca,Las Vegas,The Strip,36.1092162,-115.1732212,italian,3.0,2.275,0.13367719282455254,0.14303224434791093,0.06960621251899732,0.2728413660109576,0.1802186129101596,0.2006243713874219
CIu7ybFJhERiWzugrkPb8g,The Grill At Valentino,Las Vegas,The Strip,36.1226902,-115.1701939,italian,4.0,2.0,0.31082558620073575,0.0,0.0,0.5096297461687938,0.07400257992309171,0.1055420877073787
CR2DMfg3uP02PKT_fuygIw,Lefty's Pizza,Las Vegas,Southeast,36.0070206,-115.1462553,italian,1.0,2.033333333333333,0.0318986117818725,0.4059083184924945,0.2588586696552005,0.11123251429916754,0.08068038245237509,0.11142150331888995
CSaVK9wgqe2_tQuuCDINyQ,Frankie's Pizza,Las Vegas,Southeast,36.034614000000005,-115.11915790000002,italian,2.0,3.111111111111111,0.02664273618614483,0.33428260328587156,0.11258901984948085,0.15804955093248216,0.14780408163493566,0.22063200811108488
CZF9Nm8CFY2R9ZhfwYIARQ,Giuseppes Bar & Grille Las Vegas,Las Vegas,Spring Valley,36.078641999999995,-115.279971,american,2.0,1.6,0.20884142837667596,0.09670443962824768,0.15797274462213828,0.15236049035517255,0.1849894024055338,0.19913149461223173
CZF9Nm8CFY2R9ZhfwYIARQ,Giuseppes Bar & Grille Las Vegas,Las Vegas,Spring Valley,36.078641999999995,-115.279971,italian,2.0,1.6,0.20884142837667596,0.09670443962824768,0.15797274462213828,0.15236049035517255,0.1849894024055338,0.19913149461223173
CvpXZRF-I7wfm19dW1jOXA,Mark Rich's New York Pizza & Pasta,Las Vegas,Summerlin,36.159290696999996,-115.350952173,italian,2.0,1.8571428571428572,0.08141866787447175,0.3252356599133548,0.15089870684439338,0.17025006690065256,0.13606030025466653,0.13613659821246107
DESv2ys6SjBKA4SyDtJvxw,Ferraro's Restaurant,Las Vegas,Eastside,36.109198342199996,-115.151955374,italian,3.0,2.1379310344827585,0.20157819025207083,0.021160039615815213,0.060355191021734506,0.2145895600545952,0.27979353113948463,0.20528210860595475
DGDBFpZk-NIvah4M7MtDDg,Pizzeria Fracesco's,Las Vegas,The Strip,36.124748,-115.172082,italian,1.0,2.0,0.1776719729443584,0.13025570905290165,0.08594919524074654,0.18467159599636754,0.4123741865239019,0.009077340241723924
DLJCwHGtbAV31UQ1lnIjlw,Siena Italian Authentic Trattoria and Deli,Las Vegas,Westside,36.1449499,-115.301818,italian,2.0,1.836734693877551,0.1861998990970336,0.04076797760892711,0.11745643806979889,0.21865313290966076,0.2477373553001768,0.1891851970144029
DZwXQUa5KGUcJ0y4TO1pFQ,Brother's Italian Bistro,Las Vegas,Northwest,36.240299,-115.2499187,italian,2.0,1.4411764705882353,0.03778775356311941,0.12604681061985015,0.31236590270688425,0.16651924224925468,0.15539612049894705,0.20188417036194456
D_mVIUu5XyrHz-7U_z_pDg,Nove Italiano,Las Vegas,,36.114483,-115.194814,italian,3.0,2.0303030303030303,0.2406870311532234,0.008791052421922426,0.07430387254155094,0.13323205532537605,0.3981520934792072,0.14483389507871983
EBnR5M6upBcHfMK4063_Sw,Mob City Pizza,Las Vegas,,36.1075559,-115.22574159999999,italian,1.0,1.8,0.04617811990756739,0.2571095146224522,0.24118320653291328,0.03766508115171845,0.14445556924251216,0.2734085085428366
E_jLyf_YuGgMP_rw8tvNSA,Niko's Pizza Las Vegas,Las Vegas,Spring Valley,36.106477000000005,-115.29806570000001,italian,2.0,2.769230769230769,0.05912167521557167,0.19897409605854824,0.31772115303427245,0.05196403369424222,0.11581390256281798,0.2564051394345475
EbSX56Nddv-AcYlt58m0kg,Cafe Verdi,Las Vegas,Eastside,36.116132799999995,-115.13784469999999,italian,2.0,1.1607142857142858,0.033107474046944245,0.11985402246983465,0.43944820414594626,0.11879224495785552,0.13542000390062006,0.15337805047879918
Ehy00JWQixgoXzisVKhvag,Cucina by Wolfgang Puck,Las Vegas,The Strip,36.107676716,-115.17506169,italian,2.0,2.1707317073170733,0.1977881122934429,0.11375172372584245,0.07831125143908563,0.16487291340745008,0.3038249752505726,0.14145102388360645
EsVVTcYO9DhSK2oxakctjw,Amano,Las Vegas,Northwest,36.2636158,-115.25139180000001,italian,2.0,2.3333333333333335,0.15706384247844718,0.20249510265538495,0.1459574519761988,0.3691484148764917,0.04935137506830698,0.07598381294517033
F0fEKpTk7gAmuSFI0KW1eQ,Cafe Mastrioni,Las Vegas,Spring Valley,36.111057200000005,-115.2416881,italian,3.0,1.0,0.45080598339499733,0.009691824624808054,0.2309006644780444,0.2704704004722921,0.03528105196809569,0.0028500750617623943
F2daTLKFb2-hG5ysrJIQ5Q,Regale Ristorante Italiano,Las Vegas,The Strip,36.098909,-115.17555700000001,italian,2.0,1.0,0.016614415987890957,0.09480851394320976,0.036291611517370446,0.24629078722140324,0.2895468917116698,0.3164477796184557
F4VS-6xnpDoNBRGPoLrtjA,Novecento Pizzeria,Las Vegas,Spring Valley,36.0727196017,-115.24330354799999,italian,2.0,3.0,0.13713336410532712,0.43133537443584796,0.10774513348040111,0.053598741530607286,0.05668675731190542,0.21350062913591117
F5BCXUpQpCRPeFmWnQmSJA,Grape Vine Cafe,Las Vegas,,36.194594759699996,-115.25870360299999,italian,2.0,2.3636363636363638,0.17916759920810826,0.007689182850995823,0.1032910209327997,0.2525021006890892,0.2519308268744104,0.20541926944459668
F7E3qP0oz_SuVGZGL0D8Zw,Ristorante Italiano,Las Vegas,The Strip,36.135413299999996,-115.1600836,italian,,1.0,0.2986270550688877,0.004944358562938217,0.03716295326452184,0.08390610208020492,0.5189388475332606,0.05642068349018686
FKnIIONBcfdPSVW-r5_zfw,Naked City Pizza,Las Vegas,Downtown,36.169076200000006,-115.1389825,italian,2.0,2.3333333333333335,0.07005153522714258,0.43845477638560787,0.08829123111646871,0.24846491781467864,0.07609305052348472,0.07864448893261751
FW_zg6VuyW5v_vM394gWAw,Rocco's NY Pizzeria,Las Vegas,Summerlin,36.1931766054,-115.30422590100001,italian,2.0,2.0416666666666665,0.05617294501221162,0.32635055135486457,0.18652305770893426,0.11669542019029784,0.09694673990472143,0.21731128582897033
FXiPQQGr_2bwlJ4wOrW2eA,Spiedini Ristorante,Las Vegas,Westside,36.17579179999999,-115.29079640000002,italian,2.0,1.5789473684210527,0.2733043467375792,0.009986808118384597,0.11209665438111356,0.2180049356233499,0.24881152096723272,0.13779573417233998
FYRVCh_ctzqY1Yj_6hDk7A,Mac Shack,Las Vegas,Westside,36.157660013400005,-115.290716961,italian,2.0,2.1,0.08833295217975741,0.03761245256008556,0.16780907166681092,0.3140119714384698,0.11123678272320667,0.28099676943166974
FclR3tCyp3wPCZoxHXn_jQ,Papa Geo's,Las Vegas,Spring Valley,36.0875161,-115.24300659999999,italian,1.0,3.6666666666666665,0.11874985198287881,0.054514937997491165,0.08086808332643362,0.5201558755208296,0.0,0.22571125117236676
FevycwulBfHEZt77dv2EyA,Carmine's,Las Vegas,Westside,36.136072999999996,-115.27840800000001,italian,2.0,1.0,0.08331741916873472,0.0,0.026836974520775166,0.376172903528314,0.09206118688874364,0.42161151589343243
FhVYpbvE8IQeUHAcwPPIXg,Gabriella's Italian Grill & Pizzeria,Las Vegas,,36.02818,-115.1149077,italian,2.0,1.631578947368421,0.11160248066678485,0.1794475753980038,0.06616792546821569,0.21601581044698676,0.2011938705924706,0.2255723374275383
FqJ1SWEBhgVl66FrcsovOQ,Cicis,Las Vegas,,36.2151476891,-115.24276793,american,1.0,1.4444444444444444,0.1071428926964007,0.29791835970708963,0.08868789488442032,0.10788319894743106,0.12482622776048992,0.2735414260041684
FqJ1SWEBhgVl66FrcsovOQ,Cicis,Las Vegas,,36.2151476891,-115.24276793,italian,1.0,1.4444444444444444,0.1071428926964007,0.29791835970708963,0.08868789488442032,0.10788319894743106,0.12482622776048992,0.2735414260041684
FqXwm6UpihHY7Ha-pr4y6Q,Pasta Mia West,Las Vegas,,36.11478889999999,-115.2015722,italian,2.0,1.9285714285714286,0.1396115170447373,0.011668755427977037,0.08900313715026684,0.33727322088362927,0.2238531052569815,0.19859026423640808
FvC3W9E6rXUYx-cTxbnUiA,Luna Rossa,Las Vegas,Downtown,36.1700884,-115.14104420000001,italian,2.0,1.375,0.19603793074214684,0.04234110879737179,0.08712901119594856,0.1944570790177806,0.32534340872905126,0.1546914615177009
G-5kEa6E6PD5fkBRuA7k9Q,Giada,Las Vegas,The Strip,36.1150592072,-115.17210904299999,italian,3.0,1.7879656160458453,0.2497045383604032,0.02394792111756255,0.06285350197530659,0.2223733637440565,0.29884798511264554,0.1394073601771315
G9h56Qy5DudCqKBmbPWyzQ,Sbarro,Las Vegas,,36.1025498,-115.2016926,italian,2.0,1.5714285714285714,0.0937668382862725,0.17950287668612058,0.1238035411302847,0.15253230464575274,0.28902958775512616,0.16136485149644342
GCen6oV-_6PfMP_uKN-dZw,Pizzeria Enzo Restaurant,Las Vegas,Southeast,36.0169498,-115.11855190000001,italian,2.0,1.0,0.4177467596348888,0.0,0.0,0.13460345044992908,0.4476497899151822,0.0
GTR39A2jwNIS_NV8q2r_JA,B&B Ristorante,Las Vegas,The Strip,36.1230025089,-115.168725629,italian,4.0,1.7706422018348624,0.1508111108243973,0.006831377477642103,0.05412915476763095,0.2973255630533665,0.32514963567771904,0.16575315819924388
GXDRFAunLh0aRao6ERnM4A,Pizzeria Francesco's,Las Vegas,The Strip,36.124746,-115.172075,italian,2.0,1.9090909090909092,0.06553962221889038,0.48273693820275515,0.0828937386392411,0.1018102596211568,0.0725210015551731,0.19449843976278336
GZONBn0K1yp2aaD-l8debQ,B&B Burger & Beer,Las Vegas,The Strip,36.122727000000005,-115.170355,italian,2.0,1.9174311926605505,0.17406743216160817,0.015335993676112887,0.09100172120263302,0.20158187266834837,0.2716207575441194,0.24639222274717834
Gen0ei06dGq13OJ8DRXUjg,Metro Pizza,Las Vegas,Southeast,36.1003125,-115.1342997,italian,2.0,2.0652173913043477,0.12712612320849637,0.416905188710407,0.12594197900825616,0.11200401551865093,0.13746602244753908,0.08055667110665046
GtHu9uGXpn7Jg_Z7vFKZKw,Meatball Spot,Las Vegas,The Strip,36.1099103019,-115.170816532,american,2.0,2.1666666666666665,0.11075982090816161,0.046882522229713924,0.04146981903115884,0.3878661051122349,0.15543591256520753,0.2575858201535232
GtHu9uGXpn7Jg_Z7vFKZKw,Meatball Spot,Las Vegas,The Strip,36.1099103019,-115.170816532,italian,2.0,2.1666666666666665,0.11075982090816161,0.046882522229713924,0.04146981903115884,0.3878661051122349,0.15543591256520753,0.2575858201535232
GxfgOFgUhv2rfr3FXVWfCg,Pizza My Dear,Las Vegas,Southeast,36.0573008729,-115.12830092799999,italian,1.0,2.1818181818181817,0.052801755474041596,0.2843429891746306,0.3273164968956314,0.09926607953394478,0.0957354421628383,0.14053723675891336
Gyrez6K8f1AyR7dzW9fvAw,Casanova,Las Vegas,The Strip,36.1215792268,-115.16866385899999,italian,2.0,2.015625,0.16735583761612352,0.027187541070137586,0.08043331256843486,0.24588719406694767,0.29319285896929664,0.18594325570905967
HUWLnKD5LSZY134amUO2Rg,New York Pizza & Pasta,Las Vegas,Westside,36.1452004152,-115.22445417799999,italian,1.0,1.972972972972973,0.03127530674579573,0.26422186830274264,0.3473728841195592,0.12268598731526296,0.08261495002271214,0.1518290034939274
HVFKw_1abKVGYscxYKlKYA,Al's Beef,Las Vegas,Westside,36.1446343233,-115.241571726,italian,1.0,2.097560975609756,0.04582612290196033,0.06480997096395669,0.10015455787728873,0.3234727782794087,0.18824078189825308,0.2774957880791325
H_FkQxifSo13B2FWjhp36g,Otto Enoteca Pizzeria,Las Vegas,The Strip,36.122952000000005,-115.16851499999999,italian,2.0,1.8909090909090909,0.12639541879365362,0.21201459587041027,0.05938864834732332,0.22212340932302818,0.2508333933282038,0.12924453433738078
HaPwC4nxs6RPfe1pAQkQ4A,Mastrioni's,Las Vegas,South Summerlin,36.1291893,-115.3145946,italian,2.0,2.769230769230769,0.15863572665796571,0.003991706292489096,0.06470480861197363,0.33215984030391493,0.3183936596708238,0.12211425846283294
HiCNLB9cCWVHnbzHeN2daA,Aurelio's Pizza,Las Vegas,Northwest,36.2184533,-115.2627104,italian,2.0,2.0,0.15644046132327677,0.33334232546907216,0.1550038640750358,0.17431586833949111,0.07802514554057131,0.10287233525255288
HnbkGxUs7oWKYDeB-Pk82Q,Espressamente illy,Las Vegas,The Strip,36.1234783899,-115.168578008,italian,2.0,2.0987654320987654,0.10082445566847528,0.031211555000828152,0.13459970899493184,0.17645401114415,0.23583427499164375,0.32107599419997096
HojKatUfX4UHWaPqtl63NQ,Rivea,Las Vegas,The Strip,36.092821,-115.176927,italian,4.0,2.066666666666667,0.26780066829265886,0.0011024506350595352,0.0682850086849403,0.10544926115209878,0.3538971756665029,0.2034654355687395
HyKxWC9PrqlODjO-CBCIZA,Naked City Pizza On Paradise,Las Vegas,Eastside,36.106057,-115.15120300000001,italian,2.0,2.4925373134328357,0.0916003509790526,0.33199477784291354,0.16471541621749972,0.10499300988992735,0.130396155849685,0.176300289220922
I5RoKagQjGYCWgY4_fK_rQ,Russo's Pizza Kitchen,Las Vegas,Spring Valley,36.098922722800005,-115.242402161,italian,2.0,1.962962962962963,0.06931610485007077,0.3589703075969411,0.1685417826614245,0.09544636051064384,0.09959477386999137,0.20813067051092848
IO3iTBH0rX-G7E7wAreRSQ,Angelina's Pizzeria - Eastern,Las Vegas,Southeast,36.0976114,-115.11966480000001,italian,2.0,1.5116279069767442,0.02691890206688716,0.20394521229342363,0.3530410466923466,0.10320162055668178,0.1621306062777489,0.15076261211291195
Igqp27BP7cm9vUu_WB0gRA,Romano's Pizzeria,Las Vegas,Westside,36.133533308000004,-115.191092254,italian,1.0,1.0,0.02727796864092562,0.22744226927727132,0.34174784816090964,0.0,0.26254683774835263,0.1409850761725408
Ijdoi6pDMK3Burw3TtAOZg,Top This Pizza,Las Vegas,University,36.1008602,-115.13865020000001,italian,2.0,1.3333333333333333,0.043606568998863206,0.3205328215619013,0.1551266024846297,0.15211233014081546,0.08330529104053465,0.2453163857732556
IjsLANGkmAqCsF6-zgIA8w,Best Of The Best DJ's,Las Vegas,Southwest,36.0551042,-115.24296729999999,italian,3.0,1.0,0.1514840274633745,0.03809759464733471,0.12413573737756627,0.0,0.12209228081336441,0.5641903596983602
JCiglfoF09JqfR_gn6XYcA,Vit's Pizza,Las Vegas,Northwest,36.2216289,-115.32906090000002,italian,2.0,1.0,0.13166326155867294,0.24613880882080863,0.09572915154872655,0.05374554232299948,0.23571486027148994,0.23700837547730244
JFNv5sKeKAf1ZVPnfbzpXw,East West Pizzeria,Las Vegas,Spring Valley,36.0979679,-115.29779609999999,italian,2.0,1.7096774193548387,0.05824378079861678,0.30659198416044003,0.26270755748359825,0.09660564121297019,0.08486413317801454,0.19098690316636024
JGM-SxW_vayu0fBch-U2FQ,Pizza Bella,Las Vegas,Eastside,36.1054159186,-115.15045861799999,italian,1.0,1.5454545454545454,0.03585552038405959,0.2088735393241751,0.14772889368682124,0.10664337921127919,0.10495590829979572,0.39594275909386917
JS24kvJ0I5fWWEuplEiZjg,Morettis Eatery,Las Vegas,Westside,36.130323,-115.276372,italian,1.0,1.0,0.0,0.0,0.0,0.0,0.0,1.0
JsAR0hNX-5zA-CMsYW4NLQ,Courtyard Deli,Las Vegas,Westside,36.1456969,-115.18740459999998,italian,1.0,4.0,0.05135992534018262,0.010982692417315646,0.1904670802995126,0.42030930888732904,0.020431943693182596,0.3064490493624776
K0xJTPQR3UZ4eDsL940yfg,DeStefanos,Las Vegas,Eastside,36.10094829999999,-115.1004392,italian,2.0,1.0,0.07740345577110826,0.0,0.0069967556267590296,0.0,0.5132239363102492,0.40237585229188355
K7fip0nDFFdCC7OCnNOotQ,Hyde Bellagio,Las Vegas,The Strip,36.112916999999996,-115.175079,italian,3.0,1.5242718446601942,0.300817560467644,0.01020139730847337,0.04871380001560311,0.02466877451983782,0.13913949570820286,0.4764589719802388
KBKE7XTLLe2uUqmzuYUyHQ,Verdi Restaurant & Pizzeria,Las Vegas,Centennial,36.2736777,-115.2542311,italian,2.0,1.25,0.07270911641099446,0.19014913597450925,0.22548903754741978,0.07921188400028242,0.2649833981459899,0.1674574279208042
KP7eER5QIatYvuQnTqfmnA,Davi's Pizza,Las Vegas,Spring Valley,36.1151789278,-115.288471659,american,1.0,1.125,0.01087255456649897,0.06624943292743683,0.360900557077085,0.21087591484874657,0.14307278038573315,0.20802876019449945
KP7eER5QIatYvuQnTqfmnA,Davi's Pizza,Las Vegas,Spring Valley,36.1151789278,-115.288471659,italian,1.0,1.125,0.01087255456649897,0.06624943292743683,0.360900557077085,0.21087591484874657,0.14307278038573315,0.20802876019449945
KSRBPWOSqxclHkDd23P7CQ,Dean's Place,Las Vegas,Southwest,36.037071399999995,-115.18704009999999,italian,2.0,1.9375,0.11001389020628238,0.022759357378669225,0.05888643522084943,0.2336365715845517,0.241718228895884,0.3329855167137632
Ki8seQY5mtXc36xjoMfeDA,Flour & Barley,Las Vegas,The Strip,36.117357,-115.170387,italian,2.0,1.922077922077922,0.1776284862567331,0.28467665420626226,0.07801384600409163,0.12617060750780845,0.19207437736346933,0.14143602866163518
KkgnBZj3jRVjCY2H49JRaw,Angelina's Pizzeria - Cheyenne,Las Vegas,Northwest,36.2187557,-115.26454220000001,italian,2.0,1.3953488372093024,0.05160689634996333,0.16996081585590364,0.40499448255763804,0.07780014416405501,0.1352574024229067,0.16038025864953318
KkmPDIWzvwbBpyqOHT6pcQ,Rao's,Las Vegas,The Strip,36.1163674508,-115.17643956299999,italian,3.0,1.8620689655172413,0.14583205046670855,0.017571725866344076,0.05829876220210175,0.3668638147321788,0.26696300551846225,0.14447064121420455
KyzPvdGPb2ubVlXJrS2QPA,Pizzalicious,Las Vegas,Spring Valley,36.0900715,-115.2439023,italian,2.0,1.7142857142857142,0.024081013464788997,0.4141148451906438,0.17796953199652263,0.12542909091429805,0.11539396325753337,0.14301155517621322
LFs5jyYdXlzi0SpAYi1eSA,Maggiano's Little Italy,Las Vegas,The Strip,36.127783,-115.16896799999999,italian,2.0,2.258503401360544,0.25527449329807717,0.015319218539368436,0.08809704458280519,0.19882173139035425,0.3074506787151998,0.1350368334741954
LH4U1OJuJVxovAAcx2Oi9Q,Rocco's NY Pizza & Pasta,Las Vegas,The Strip,36.090095002300004,-115.17218164,italian,2.0,2.6666666666666665,0.00985742397851747,0.4958202800764844,0.11692593387832752,0.0,0.015423541299930255,0.36197282076674037
LN0JGAl8Rr_r_5t_X8Kz6g,Fellini's Ristorante,Las Vegas,The Strip,36.1481329465,-115.15577316299999,italian,2.0,1.9285714285714286,0.1786209054169288,0.027220031744795294,0.08462663322818745,0.3104315272628114,0.2548855374325743,0.1442153649147028
LZSyWy4IHgXg6QhW2jrBlw,Romano's Macaroni Grill,Las Vegas,,36.144605,-115.174916,italian,2.0,1.8285714285714285,0.2135421603164097,0.015796618874822352,0.1176522051563569,0.2454280581875387,0.25583169437449144,0.15174926309038078
Lau3N654yNyWdIIybea1uA,Il Fornaio,Las Vegas,The Strip,36.102269,-115.17466399999999,italian,2.0,1.9142857142857144,0.14199744088181665,0.051057106777188416,0.06284095395578011,0.24887684644134997,0.3043542219999098,0.19087342994395518
M1hEQVMiND1rbiT8mo2j0g,Bonnano's,Las Vegas,The Strip,36.109068,-115.17255700000001,italian,2.0,1.5,0.10297189698219465,0.25357360730249145,0.13088459917387388,0.15408271932942452,0.1114341711579587,0.2470530060540568
MNaPOkqm2vKeNG8EqkZWCg,Chicago Joe's,Las Vegas,Downtown,36.1609794,-115.1478447,italian,2.0,1.9607843137254901,0.1408020509258307,0.012218156438623066,0.046869422966081487,0.33503271671426355,0.24339163064408897,0.22168602231111223
McZz8few5LqWF37KZTK_QA,Giorgio Ristorante E Caffe,Las Vegas,Southeast,36.089494,-115.138026,italian,2.0,2.4,0.17055361726443893,0.0010190856408474455,0.03564377276558286,0.2354608577875818,0.20956452869913655,0.34775813784241233
MgSd4P3ATkiywbbraFygHg,Plantone's Italian Market,Las Vegas,Spring Valley,36.0560801,-115.2808739,italian,2.0,2.103448275862069,0.05617223801090264,0.23386963919771417,0.1629350411675112,0.251852590299029,0.13099899264393133,0.1641714986809116
Mh84_j7YmRrAcm0DWV4bUw,Cugino's Italian Deli & Pizza,Las Vegas,University,36.106986091399996,-115.136026214,italian,1.0,2.1372549019607843,0.04546640165082429,0.19680779181049438,0.15660922565050192,0.20626703267818008,0.11415595197771276,0.28069359623228657
Mq1_dvcg5mbeplEmCEoUtQ,Sicilian Ristorante,Las Vegas,Eastside,36.1003360552,-115.09916124200001,italian,2.0,2.0588235294117645,0.14480895701696153,0.05019934290903578,0.0877101742624229,0.3258639969962681,0.2138196781891857,0.17759785062612604
N6MzDoao6s68nAIW8vS9dQ,Biaggio's Pizzeria,Las Vegas,Spring Valley,36.1121815,-115.2980281,italian,2.0,2.1320754716981134,0.03005038357664814,0.3584981007726794,0.16407948124942678,0.15300492032628107,0.07013895532528365,0.224228158749681
NFMD_-wFrbfdhTcdHPDCZQ,Montesano's Eateria,Las Vegas,Anthem,36.010085600000004,-115.11865630000001,italian,2.0,2.772727272727273,0.11134347272696778,0.1447519502971258,0.09332756863360035,0.24896868448203105,0.22604150045605273,0.1755668234042223
NRn6yqCq3yAh7NtKBt79xQ,Martorano's,Las Vegas,,36.1164467,-115.1848942,italian,3.0,1.7647058823529411,0.15959899084927345,0.005344154151946847,0.05330747860581091,0.233321511053553,0.24892883528381246,0.2994990300556033
Nw_-4DFjYK6BDG0CwNwSvQ,Pizza Hut,Las Vegas,Southeast,36.0832757188,-115.032299456,italian,2.0,1.2777777777777777,0.059782319571029516,0.3371784788453642,0.31912093272518016,0.020506687208329582,0.0812771781428465,0.18213440350724996
O0T7V0MP9HLaLxLzaKFPgA,Goodfellas Pizzeria,Las Vegas,,36.240859,-115.078775,italian,2.0,1.3333333333333333,0.08426798642711793,0.20107138827707413,0.15237813136105763,0.3044236865332382,0.04373523585102973,0.21412357155048237
OMUe6NNOFEe0VdAouIqAuA,Sofia's Cafe,Las Vegas,Westside,36.128674100000005,-115.1988504,italian,1.0,1.5789473684210527,0.0283550928444703,0.04342978767800014,0.37575570645999323,0.17754947348595462,0.17473959729275546,0.2001703422388262
OUP9dy2eu_-2Mga3DpSFfQ,Rocco's,Las Vegas,Westside,36.15732020000001,-115.26287520000001,italian,2.0,1.9333333333333333,0.057120609884706394,0.25604409947683093,0.12957954531210744,0.23969090962010345,0.09576653423812746,0.22179830146812435
OYaL_-uxBCgrE94uNQ4VCA,Lino's Pizzeria & Italian Cuisine,Las Vegas,Centennial,36.2744842,-115.25255590000002,italian,2.0,1.8125,0.09127229764183359,0.10968233025254157,0.2939204605584309,0.17716591869504067,0.1424991751419764,0.1854598177101768
Ov68TVizW1d2Hqm2M2FKVg,Ago,Las Vegas,,36.18,-115.14,italian,3.0,2.0,0.16445650390947938,0.09955647228046449,0.08704077734897607,0.26504107555214107,0.2584832235304744,0.12542194737846465
P8uECqGqXWTwEndkh-6bQw,Naked City Pizza Shop,Las Vegas,Westside,36.130804,-115.198971,italian,2.0,2.405940594059406,0.11212440078129596,0.3441948183856001,0.13132444684070765,0.10151405021211542,0.09824199573616557,0.2126002880441154
PIXl4WvAqjl2w9Lj81zXvQ,Zest - Bistro & Bar,Las Vegas,Southwest,35.9951511,-115.20684009999998,american,2.0,2.15,0.20155312393643135,0.035455187810575065,0.08623199511597103,0.16849692751151735,0.2720935836099,0.23616918201560524
PIXl4WvAqjl2w9Lj81zXvQ,Zest - Bistro & Bar,Las Vegas,Southwest,35.9951511,-115.20684009999998,american,2.0,2.15,0.20155312393643135,0.035455187810575065,0.08623199511597103,0.16849692751151735,0.2720935836099,0.23616918201560524
PIXl4WvAqjl2w9Lj81zXvQ,Zest - Bistro & Bar,Las Vegas,Southwest,35.9951511,-115.20684009999998,italian,2.0,2.15,0.20155312393643135,0.035455187810575065,0.08623199511597103,0.16849692751151735,0.2720935836099,0.23616918201560524
PSRZaGGxXmOmabL2si8pKw,Carrabba's Italian Grill,Las Vegas,Westside,36.15846679999999,-115.2863977,italian,2.0,1.8048780487804879,0.2083218742215483,0.00849657865369509,0.07902231895036807,0.24246190661997025,0.2781324580971369,0.1835648634572816
PZ-LZzSlhSe9utkQYU8pFg,Carluccio's Tivoli Gardens,Las Vegas,Eastside,36.10001629999999,-115.12852849999999,italian,2.0,2.3333333333333335,0.044670890014301114,0.0005590875037200055,0.010375235069392537,0.4451679662017168,0.4073591177373734,0.09186770347349625
Piw03nxAXZF86UYaVrDn1g,Sbarro the Italian Eatery,Las Vegas,Southeast,36.0549747,-115.16910800000001,italian,1.0,1.0,0.3106746790806139,0.3049629083504476,0.34450760753273807,0.0,0.0,0.03985480503620036
Pwb0tGwDCa-Z7Eg2zqfhXg,Radio City Pizzeria,Las Vegas,Westside,36.1684421,-115.2869756,italian,2.0,1.6,0.11668039189716155,0.280415568247199,0.054046938179426775,0.08042796917704118,0.18252103303371986,0.28590809946545165
QCCVxVRt1amqv0AaEWSKkg,Esther's Kitchen,Las Vegas,Downtown,36.1575507132,-115.152820746,american,2.0,3.0,0.2817822511770564,0.07023977792966275,0.12556673479674035,0.17493667807890512,0.10380989607387915,0.24366466194375613
QCCVxVRt1amqv0AaEWSKkg,Esther's Kitchen,Las Vegas,Downtown,36.1575507132,-115.152820746,italian,2.0,3.0,0.2817822511770564,0.07023977792966275,0.12556673479674035,0.17493667807890512,0.10380989607387915,0.24366466194375613
QfD_KzfBGRZ1OLu1Vs1rrA,Pasta Cucina,Las Vegas,,36.1444406,-115.17448190000002,italian,2.0,1.5,0.0,0.001882490254505804,0.19366087035816779,0.1427414135622092,0.629585171546541,0.032130054278576105
Qj1BoynaIVZiKEe8Peq3_g,Eats Italian,Las Vegas,The Strip,36.1221292471,-115.16966763,italian,2.0,1.2352941176470589,0.07974972613208346,0.008308709429248176,0.22363865459360704,0.23183297788805757,0.23058763982521766,0.22588229213178615
Ql_J2DSIE8QYp5rXf3721A,Cafe Chloe,Las Vegas,Spring Valley,36.113268,-115.26186570000002,italian,3.0,2.2,0.26784351541993406,0.023447286867176183,0.021377874632846357,0.1325330813987033,0.19750746952708104,0.3572907721542591
QnfAHUr5-HTiaA5-va3glQ,Streets of New York,Las Vegas,Spring Valley,36.0950052,-115.29815829999998,italian,2.0,1.5151515151515151,0.053909538061328054,0.3670077197433128,0.21166315553654533,0.13633288098903906,0.051712440054814054,0.17937426561496067
R073RHVTWuUc_JabjD0bsA,Villa Pizza Durango,Las Vegas,Spring Valley,36.128132,-115.279908,italian,2.0,1.9444444444444444,0.05655893255064532,0.2924536909177522,0.30144052436070856,0.11056598637298845,0.09602152559571707,0.14295934020218837
R1AVTniig8uZfPy_2ObRQg,Inna Gadda di Pizza,Las Vegas,Downtown,36.161204999999995,-115.14545700000001,italian,1.0,4.25,0.039644449658865405,0.46943607986088004,0.07046749364553934,0.042455058009476035,0.29699510745070873,0.08100181137453039
RB_nmlTMCS2M06c6wz4ANg,Toscano Italian Steakhouse,Las Vegas,Eastside,36.1186973,-115.15426950000001,italian,3.0,2.0,0.23728843535259342,0.007717809636817278,0.055852835351416406,0.22527485926863322,0.06703567263116364,0.406830387759376
RSPEJeFTKs1BsiVgjHp1WQ,Spago by Wolfgang Puck,Las Vegas,The Strip,36.1125269,-115.175947,american,2.0,1.0,0.38482059272652364,0.020654448305961,0.0694525031263222,0.056104265686236075,0.22546394139683967,0.2435042487581173
RSPEJeFTKs1BsiVgjHp1WQ,Spago by Wolfgang Puck,Las Vegas,The Strip,36.1125269,-115.175947,american,2.0,1.0,0.38482059272652364,0.020654448305961,0.0694525031263222,0.056104265686236075,0.22546394139683967,0.2435042487581173
RSPEJeFTKs1BsiVgjHp1WQ,Spago by Wolfgang Puck,Las Vegas,The Strip,36.1125269,-115.175947,italian,2.0,1.0,0.38482059272652364,0.020654448305961,0.0694525031263222,0.056104265686236075,0.22546394139683967,0.2435042487581173
RdUsJhX11B0gENNc4Ml5vw,Sausagefest,Las Vegas,Eastside,36.142523,-115.142496,american,2.0,5.0,0.04744563748986003,0.08513051926058897,0.08590855276262928,0.4297626419137608,0.2154458294739672,0.13630681909919384
RdUsJhX11B0gENNc4Ml5vw,Sausagefest,Las Vegas,Eastside,36.142523,-115.142496,italian,2.0,5.0,0.04744563748986003,0.08513051926058897,0.08590855276262928,0.4297626419137608,0.2154458294739672,0.13630681909919384
RodA_gxhr2Mj-pyQAL2RAQ,Salute Trattoria Italiana,Las Vegas,South Summerlin,36.156400700000006,-115.33355520000002,italian,2.0,1.5897435897435896,0.260518819994725,0.009496318097201245,0.06558542972864922,0.18457549069376566,0.25265872973574194,0.22716521174991683
SAIrNOB4PtDA4gziNCucwg,Herbs & Rye,Las Vegas,Westside,36.143924215300004,-115.191727262,italian,3.0,2.1222222222222222,0.2985369818888951,0.005632812382809716,0.11552829761307412,0.10070569651104114,0.2071127966182163,0.2724834149859635
SN6mvy2vbXL0F_CYFkx8zg,La Scala,Las Vegas,Eastside,36.130315,-115.140852,italian,2.0,1.0,0.14181247774180236,0.002733761890800016,0.06634167012582809,0.17095321286135332,0.28700874526819947,0.33115013211201666
SQ8Tkavc4TJj-2kanEDzLg,Red Rock Pizza,Las Vegas,Summerlin,36.19787792,-115.28049027700001,italian,2.0,1.90625,0.07137976893054017,0.3449123387290198,0.15501783476562117,0.0701175769541006,0.11859989194815815,0.2399725886725602
SZ5KO1KNiwtrktKo5mpuLA,Empress Court,Las Vegas,The Strip,36.1161559,-115.17505759999999,italian,3.0,1.5,0.10426829734414995,0.0034429121697918223,0.06166480788753351,0.17201738630576938,0.5204507965839508,0.13815579970880454
SZ5KO1KNiwtrktKo5mpuLA,Empress Court,Las Vegas,The Strip,36.1161559,-115.17505759999999,chinese,3.0,1.5,0.10426829734414995,0.0034429121697918223,0.06166480788753351,0.17201738630576938,0.5204507965839508,0.13815579970880454
SeNOJ2zYHziptxLuiRINLg,Lago,Las Vegas,The Strip,36.11337,-115.17514299999999,italian,3.0,1.963302752293578,0.26043560916789216,0.028463851093072836,0.06690826506847121,0.1875815254166872,0.3193465988003892,0.13726415045348728
SgSVJWgMwFteYyz4OlHu9Q,Bambino's East Coast Pizzeria,Las Vegas,The Lakes,36.1422543574,-115.279423278,italian,1.0,2.5,0.047195733267210424,0.41262166776150144,0.12193832097961654,0.11707305342729145,0.09035004154977713,0.21082118301460298
Sm2k1ijcnK17Ro5paN2_qQ,Grand Pizza,Las Vegas,Northwest,36.232623,-115.24326709999998,italian,2.0,1.5142857142857142,0.04011987109233638,0.2048287472749689,0.34831920088464374,0.1423083339091845,0.04955226123610423,0.21487158560276232
So132GP_uy3XbGs0KNyzyw,Casa Di Amore,Las Vegas,Eastside,36.1003398063,-115.111688145,american,2.0,2.22,0.17071229460035475,0.015381108110286548,0.08925011124373979,0.2592226823569918,0.26491719267560393,0.18051661101302316
So132GP_uy3XbGs0KNyzyw,Casa Di Amore,Las Vegas,Eastside,36.1003398063,-115.111688145,italian,2.0,2.22,0.17071229460035475,0.015381108110286548,0.08925011124373979,0.2592226823569918,0.26491719267560393,0.18051661101302316
SsN-SaGGkJn2Qm-jSDQ4aQ,Trevi Italian Restaurant,Las Vegas,The Strip,36.1189640942,-115.175790489,american,2.0,2.1020408163265305,0.19773254463807607,0.0419955323529721,0.06299501874989404,0.22818249370155377,0.3211159885244594,0.14797842203304473
SsN-SaGGkJn2Qm-jSDQ4aQ,Trevi Italian Restaurant,Las Vegas,The Strip,36.1189640942,-115.175790489,italian,2.0,2.1020408163265305,0.19773254463807607,0.0419955323529721,0.06299501874989404,0.22818249370155377,0.3211159885244594,0.14797842203304473
T9XOUa2dX4conDOqjUtmhA,Sicily's Pizza II,Las Vegas,,36.1326597,-115.17280490000002,italian,,1.25,0.03344708292190976,0.20148726824803984,0.49589271235758126,0.10516015968685705,0.06366253870921779,0.10035023807639439
TeHB4-F_5Mwg1VE2Uzu0Ag,Buca di Beppo Italian Restaurant,Las Vegas,The Strip,36.098959,-115.17574499999999,italian,2.0,1.831578947368421,0.2339060712001739,0.026307060227543127,0.09200399565793499,0.2362952807917711,0.2716620749005239,0.1398255172220531
Tf13Wexrt6WmNw-CDW5Gyg,Meatball Spot,Las Vegas,Southeast,36.0683629,-115.1726642,american,2.0,1.675,0.16646704339413781,0.038920503450615,0.09567211411441001,0.3062185590825999,0.1605446977398287,0.23217708221840852
Tf13Wexrt6WmNw-CDW5Gyg,Meatball Spot,Las Vegas,Southeast,36.0683629,-115.1726642,italian,2.0,1.675,0.16646704339413781,0.038920503450615,0.09567211411441001,0.3062185590825999,0.1605446977398287,0.23217708221840852
UFn1moo95-PBzi9wWt5FGg,La Bocce,Las Vegas,Southeast,36.0577191,-115.1582446,italian,1.0,1.5,0.02877695682733557,0.18371898683406776,0.2810752315209276,0.20550560262756412,0.09081210102448753,0.2101111211656174
UNMBMKI9FjnO9flxPxV-1w,Giovanni's Hole In The Wall,Las Vegas,Westside,36.142683500000004,-115.2686875,italian,2.0,1.631578947368421,0.06118938219769716,0.24781124303434113,0.2476687570626146,0.14875657197940437,0.12991026257341917,0.16466378315252356
UYh1N1xQhOh-a7nX92xPzQ,Brio Tuscan Grille,Las Vegas,Southeast,36.0681523873,-115.175929912,italian,2.0,2.0186915887850465,0.22610226420648216,0.009155833891022631,0.09313476093105211,0.23038474993910316,0.28040085401364684,0.160821537018693
UfSwz2LHiVu0K6CJJ6-2gg,Mia Bella Cafe,Las Vegas,,36.0958266,-115.18928290000001,italian,1.0,2.090909090909091,0.0337546367125886,0.029697658349186216,0.2423947979646667,0.2804096646086251,0.18494103999024858,0.22880220237468488
UutHMmZx1CQcjiyfmVa_7g,Eddie D's,Las Vegas,Spring Valley,36.064115,-115.241693,italian,2.0,3.0,0.14580896585421524,0.08841315158061269,0.12971894601534523,0.3224569606962864,0.0392641689400178,0.27433780691352266
VYNriOotbFZ7Qj_6jwUB5g,Sergio's Italian Gardens,Las Vegas,Eastside,36.100414,-115.12658290000002,italian,2.0,1.8235294117647058,0.28730072230359643,0.005453530906464506,0.08433688783407621,0.10985162631665256,0.2793860438753859,0.2336711887638244
VfFHPsPtTW4Mgx0eHDyJiQ,Distill - A Local Bar,Las Vegas,Summerlin,36.1606854895,-115.331591073,italian,2.0,1.6666666666666667,0.2702258055354936,0.025242829181696007,0.11880231307751442,0.09462723083213653,0.22105151788672114,0.2700503034864383
VfxlkvZQkLr9tu_w1SU_iw,Napoli Pizza,Las Vegas,Sunrise,36.177036524,-115.06388221600001,italian,2.0,1.5862068965517242,0.06352522958160542,0.19444928159037034,0.4283151837895231,0.07403779191588346,0.12191675760496325,0.11775575551765446
VsewHMsfj1Mgsl2i_hio7w,LAVO Italian Restaurant & Lounge,Las Vegas,The Strip,36.124433950100006,-115.169068691,italian,3.0,2.076923076923077,0.26525302984443455,0.01187464141191796,0.04992916932064976,0.14548763500118372,0.20881323079024464,0.3186422936315694
VzekjBEdqFdJsXEOWInA1A,Albo Pizza,Las Vegas,Downtown,36.1526625,-115.1518372,american,1.0,2.05,0.05304785183145583,0.286259226291868,0.23202888073634495,0.1255375284498362,0.1157065281139266,0.18741998457656842
VzekjBEdqFdJsXEOWInA1A,Albo Pizza,Las Vegas,Downtown,36.1526625,-115.1518372,italian,1.0,2.05,0.05304785183145583,0.286259226291868,0.23202888073634495,0.1255375284498362,0.1157065281139266,0.18741998457656842
WRbBmXMHmdWOkeGp21OoeA,Mamma Olivia,Las Vegas,Eastside,36.1249939,-115.13609850000002,italian,2.0,2.4444444444444446,0.1103862822026701,0.03348091695412089,0.11208009735448071,0.2806344962105739,0.2951889293160748,0.1682292779620795
WX8cx6tfFcEn0cK4cIbWag,Mercato Della Pescheria,Las Vegas,The Strip,36.122676,-115.168935,italian,3.0,2.0689655172413794,0.12864677102862215,0.01675333387369022,0.10439669868194118,0.2286983048592222,0.3507414323323609,0.17076345922416333
XarMlmD4QuRgGdoYoKRRSQ,Joe Philly's Pizza,Las Vegas,Southeast,36.073055100000005,-115.117149,american,1.0,1.3,0.03232586579064003,0.1832511130842248,0.401419238341078,0.09003917121608655,0.11075750680351076,0.18220710476445998
XarMlmD4QuRgGdoYoKRRSQ,Joe Philly's Pizza,Las Vegas,Southeast,36.073055100000005,-115.117149,italian,1.0,1.3,0.03232586579064003,0.1832511130842248,0.401419238341078,0.09003917121608655,0.11075750680351076,0.18220710476445998
XdOxflXrlWRdL9IWzXC54Q,Olive Garden Italian Restaurant,Las Vegas,Centennial,36.272766469299995,-115.266528986,italian,2.0,1.5084745762711864,0.28779845815944,0.009672427754642136,0.13824688680551597,0.1906572387035503,0.24372328022428247,0.12990170835256906
XiN6fI8I3Mzg2nPRJ9ukRQ,Prosecco Fresh Italian Kitchen,Las Vegas,,36.0282323,-115.1149365,italian,2.0,2.076923076923077,0.19459832236874905,0.0068267072788544565,0.13230524165684973,0.2628329093500971,0.2567801750444978,0.14665664430095188
Xp6ogw-SCNK28s1I0fhUXw,The Daddy's Pizza,Las Vegas,Sunrise,36.1392515671,-115.066888444,italian,1.0,2.0,0.014420102101393016,0.3632478223319014,0.22050752569879986,0.11597425074073642,0.09708047584411476,0.1887698232830545
Xs5MqC7-g0vc4nmWDtRZoQ,Northside Nathan's Pizza,Las Vegas,,36.1956283,-115.2582446,italian,2.0,2.096774193548387,0.06584537212191516,0.3495219491338443,0.17073700698280211,0.09077113642447503,0.1317685327668234,0.19135600257014004
Y07qIurPKiUJDnTZWxZN2A,Bistro Buffet,Las Vegas,,36.115137,-115.19543300000001,american,2.0,1.6759259259259258,0.12098383622436304,0.022179252496090148,0.04253072734578467,0.1876993573020668,0.3674672291161159,0.2591395975155795
Y07qIurPKiUJDnTZWxZN2A,Bistro Buffet,Las Vegas,,36.115137,-115.19543300000001,italian,2.0,1.6759259259259258,0.12098383622436304,0.022179252496090148,0.04253072734578467,0.1876993573020668,0.3674672291161159,0.2591395975155795
Y9kXVlU4xPfSZvkZH6C_2Q,Naked City Tavern,Las Vegas,Southeast,36.07549960000001,-115.1012465,american,2.0,2.1538461538461537,0.15611517279443854,0.22775663505590588,0.06360442696813394,0.10767063981471295,0.19327439271721628,0.25157873264959235
Y9kXVlU4xPfSZvkZH6C_2Q,Naked City Tavern,Las Vegas,Southeast,36.07549960000001,-115.1012465,italian,2.0,2.1538461538461537,0.15611517279443854,0.22775663505590588,0.06360442696813394,0.10767063981471295,0.19327439271721628,0.25157873264959235
YILyHegzhy1vlc_LNVfObw,Bottiglia Cucina & Enoteca,Las Vegas,Anthem,36.020264000000005,-115.08856100000001,italian,2.0,1.8484848484848484,0.23728721937826894,0.0038876764575798486,0.05870846399387001,0.2686404694916452,0.264222790392648,0.167253380285988
YNDxeeRUARbd8GRnscJSvg,Panevino Italian Grille,Las Vegas,Southeast,36.070826228499996,-115.16289104299999,italian,3.0,2.033333333333333,0.18763835369486376,0.00745807417109955,0.08789859267948842,0.2250357146677368,0.2731359674731308,0.21883329731368073
YNHvFEvp9VDNwX5VhRanYQ,Mac Shack Spring Valley,Las Vegas,Southwest,36.055816820100006,-115.28128738,italian,2.0,1.9242424242424243,0.03585485401696398,0.02253781108965417,0.15409893007471606,0.44698717715261715,0.14504849301831338,0.19547273464773526
YRFDHOBOwt2WMR85r7Gzog,Ital-Spain Restaurant,Las Vegas,Southeast,36.0859499,-115.10141750000001,italian,,1.0,0.30930255916910027,0.0,0.3007210485073969,0.0427936793164639,0.027839844128361737,0.31934286887867736
Z0o7EnCj3fgzC7E3QRabhQ,Little Tony's,Las Vegas,,36.142781899999996,-115.1747468,italian,2.0,2.0625,0.13257841965688721,0.24785426494879376,0.11351465652721698,0.24783243612388256,0.10375465262818614,0.15446557011503334
Z3ZSar8IVAR2qIupqxMynA,Joe's New York Pizza,Las Vegas,Eastside,36.108897999999996,-115.151261,italian,1.0,1.9803921568627452,0.04524653405004112,0.3863370512911979,0.21817190191769661,0.07206690050810585,0.11524619445020988,0.16293141778274836
ZDoXr27YooSll6FTD36RkA,Fazoli's,Las Vegas,Southeast,36.011058,-115.119277,italian,,2.75,0.0038946598092350513,0.0938259167632634,0.023449884903896885,0.27431649390567064,0.3205700040034325,0.2839430406145015
ZMIcuo-aQja0ITk4-TU8Jg,Pizza Factory,Las Vegas,Southwest,35.999495200000005,-115.20749099999999,italian,2.0,1.32,0.06041150090603957,0.29700469005230673,0.1250066164257966,0.136068086188662,0.11948557247116626,0.2620235339560288
ZgWjkMSzIV9fAuJJQXSUvA,Market Grille Cafe,Las Vegas,,36.195285,-115.24816000000001,italian,2.0,2.967741935483871,0.09002449917222434,0.021806681264166013,0.08366410887833584,0.3474271285773343,0.29356207070012175,0.16351551140781792
Zx4iQCmQfAaXvwPc3TlF9Q,The Tap House,Las Vegas,Westside,36.15876110000001,-115.2182327,italian,2.0,2.111111111111111,0.23903110468305083,0.08297323855908215,0.11564413603403789,0.10516986119530626,0.1152058357511683,0.3419758237773544
aJK0MWXKgXIgQUCM9fqSJQ,The Original Graziano's Pizza Restaurant,Las Vegas,Westside,36.129781799999996,-115.2746743,italian,2.0,2.375,0.07457919202123667,0.2184653150788237,0.047781819488569445,0.1678289038368696,0.1828623482898854,0.3084824212846151
aKEEQqL1UFMieilnylI1gw,Costa di Mare,Las Vegas,The Strip,36.125818618800004,-115.167175591,italian,4.0,1.9838709677419355,0.21830683533909537,0.009909700291819028,0.060898140911162774,0.2356312730573425,0.3162621598611942,0.15899189053938623
aidcfUzZLOjWgwlxfv3UlA,Tony Big's Pizza N Pasta,Las Vegas,Spring Valley,36.0583571386,-115.278411222,italian,2.0,1.5,0.061327778136987775,0.17555446320680915,0.3936297835997141,0.1571789886600853,0.12885967476927754,0.08344931162712604
anQSLdujUOp0sTCmIBi2Tg,Piero's Italian Cuisine,Las Vegas,Eastside,36.13191,-115.155983,italian,3.0,2.27027027027027,0.18643501872536916,0.022676774375874537,0.0523676095907853,0.158049009231006,0.3625686912317791,0.21790289684518593
aoXb8mDCyb-XbkITiIfYVA,Sbarro,Las Vegas,The Strip,36.1138813378,-115.168983289,italian,1.0,1.7333333333333334,0.03947153547312376,0.29329293719435656,0.057915125062920444,0.11753953880120363,0.20066994141990543,0.22444425538182344
b24sTA2JkHB4joNlNkBkfQ,San Gennaro Grill,Las Vegas,The Strip,36.121558,-115.169758,american,2.0,1.5714285714285714,0.05286160950336905,0.010224442849715956,0.2619905334395219,0.28418661062292827,0.1343398570331755,0.2563969465512893
b24sTA2JkHB4joNlNkBkfQ,San Gennaro Grill,Las Vegas,The Strip,36.121558,-115.169758,italian,2.0,1.5714285714285714,0.05286160950336905,0.010224442849715956,0.2619905334395219,0.28418661062292827,0.1343398570331755,0.2563969465512893
b6LH0R-f6cmPT0dOzqkQUg,Mama Mia Pizza,Las Vegas,Spring Valley,36.1133059,-115.26161699999999,italian,2.0,1.6666666666666667,0.1314271896173334,0.25795923560908374,0.14589011868807525,0.14466844015748567,0.09265826400765499,0.22739675192036693
bOGpm_4Emm4btMbJNA1L7A,Solaro,Las Vegas,The Strip,36.1242311756,-115.168260858,american,2.0,1.4444444444444444,0.07518869044286008,0.10951359705171733,0.08251691011132964,0.21544692037890567,0.3537696354280715,0.16356424658711577
bOGpm_4Emm4btMbJNA1L7A,Solaro,Las Vegas,The Strip,36.1242311756,-115.168260858,italian,2.0,1.4444444444444444,0.07518869044286008,0.10951359705171733,0.08251691011132964,0.21544692037890567,0.3537696354280715,0.16356424658711577
bPcqucuuClxYrIM8xWoArg,Due Forni,Las Vegas,South Summerlin,36.124840500000005,-115.3252217,italian,2.0,2.2083333333333335,0.1168638011131619,0.2777284710075762,0.05631868118946435,0.09336634696218665,0.20289735789509608,0.2528253418325148
bRR4gsjHv0F_RnRGjQBqlg,CJ's Italian Ice & Custard,Las Vegas,Spring Valley,36.1250824,-115.27953899999999,italian,1.0,3.230769230769231,0.08543349276033721,0.05360039507582396,0.07929396839060385,0.19398104765860977,0.12671246494255392,0.4609786311720713
bUnm0-YK5HicLzkvMWwqjQ,Amorino Las Vegas,Las Vegas,Southeast,36.0679347984,-115.176175386,italian,2.0,1.5,0.10209584651546194,0.028922043043055158,0.049195985686530976,0.16929117886985126,0.3670332910113479,0.28346165487375286
bWKvYA16me11_2Ws2sLRww,Jr's Place,Las Vegas,Spring Valley,36.0843559,-115.279599,italian,2.0,1.0,0.05951160419633069,0.022325091292070293,0.0,0.0,0.6757764062690267,0.24238689824257226
biFv9mXsP0V4omBUy1Z-MA,Pizza Hut,Las Vegas,Westside,36.1452874912,-115.29500387799999,italian,2.0,1.7692307692307692,0.03629304493909605,0.4613715431781099,0.309500341160018,0.03605890882278221,0.09799660433642828,0.05877955756356545
bqDFZDfDPdCut0CbybDUrA,Fresco Italiano,Las Vegas,Eastside,36.1362575,-115.15125259999998,italian,2.0,1.7741935483870968,0.2440492197473513,0.005658418715907154,0.09223174348445289,0.3229241661862312,0.2334770717207336,0.10165938014532383
buk0wVdm_42901qeVIoTrg,The Lunch Crew Catering,Las Vegas,Westside,36.1741636,-115.27711399999998,american,,1.0,0.01682433623604576,0.21151827884277466,0.23279332972731923,0.30952350553418734,0.17655858249092884,0.052781967168744136
buk0wVdm_42901qeVIoTrg,The Lunch Crew Catering,Las Vegas,Westside,36.1741636,-115.27711399999998,italian,,1.0,0.01682433623604576,0.21151827884277466,0.23279332972731923,0.30952350553418734,0.17655858249092884,0.052781967168744136
bvGdqJ-SeGdIHX-HEabwlg,North Beach Italian Bistro,Las Vegas,Northwest,36.2636911,-115.2654135,italian,2.0,1.625,0.07301709067580332,0.04082650787323789,0.03631889614882355,0.396260958845875,0.28248778023367904,0.17108876622258123
bz69msmKwRjWQzN-XwyV6Q,Mob Bar,Las Vegas,Downtown,36.1721441559,-115.141413094,italian,2.0,1.8,0.27919787448556926,0.041691816076616574,0.004196562821399517,0.18055845097227874,0.07258855840280062,0.42176673724133523
cHAhW7XJ2no_qzc46HpohQ,Five Star Tavern,Las Vegas,,36.193824799999994,-115.20684409999998,american,2.0,1.5,0.4033126463819208,0.0,0.0,0.0,0.4168631505226106,0.17982420309546857
cHAhW7XJ2no_qzc46HpohQ,Five Star Tavern,Las Vegas,,36.193824799999994,-115.20684409999998,italian,2.0,1.5,0.4033126463819208,0.0,0.0,0.0,0.4168631505226106,0.17982420309546857
cJMgxJ_GDg0a1KEkXPVaug,Nicolo's Cucina Italiana,Las Vegas,Southwest,35.9952905,-115.20680060000001,italian,2.0,1.6666666666666667,0.160655376847497,0.1328123358664392,0.06845278990593574,0.10609402409016795,0.09892562245125937,0.43305985083870074
cKXMA7AoyvrFKaZzNOp0nA,Tuscany Gardens,Las Vegas,Eastside,36.1130411394,-115.15991563899999,italian,2.0,1.8571428571428572,0.21454183671199223,0.014869060915188217,0.06173226968649799,0.21490234226584312,0.3256347900446395,0.168319700375839
cPmThZ7Ugpd8eJnIObOy0Q,Olive Garden Italian Restaurant,Las Vegas,Summerlin,36.1596119,-115.33140039999999,italian,2.0,1.7678571428571428,0.2909687249488811,0.0033237971945056745,0.09270268110319049,0.1974788429426073,0.28197765919978207,0.1335482946110335
cUpdeZJawIwOl6G21z7CzA,Giordano's,Las Vegas,Westside,36.1595962,-115.2864182,italian,2.0,1.829268292682927,0.16094386240482095,0.3171937230544654,0.10828295749507132,0.11949648973745489,0.14540725078766847,0.1486757165205191
cZO6RmJcqRY9jGbYY71z-A,My Mother's House Italian Restaurant,Las Vegas,Summerlin,36.2116994,-115.298321,italian,2.0,2.0,0.14204456514975855,0.012012630747882254,0.05435450066398584,0.11449852455595595,0.3067843178898737,0.3703054609925437
cgZOP1ZUBOZmEQMSJ53oiQ,Chef Marc's Trattoria,Las Vegas,The Lakes,36.1429690732,-115.280102938,italian,2.0,2.3333333333333335,0.20465142806819372,0.00876632207756501,0.06989508963702191,0.24356349717339723,0.2428860548459793,0.2302376081978428
czlWRKl1HJwG9p5VZUdIlg,Villa Fresh Italian Kitchen,Las Vegas,Southeast,36.0831603054,-115.14524783899999,italian,1.0,1.0,0.08008494690523049,0.0,0.25309732909686494,0.052936437128534616,0.1611149017120548,0.45276638515731504
d3zW_b-JWlxMneNn7K9xew,Streets of New York,Las Vegas,Centennial,36.2985157,-115.2799828,italian,2.0,1.7361111111111112,0.10181205540978147,0.2709375412128032,0.22024122940133947,0.11670231047503044,0.16397532482238594,0.1263315386786593
dCUuzw3R2rPqKyN2Zl9zRw,Fiamma Italian Kitchen,Las Vegas,The Strip,36.102250700000006,-115.1699679,italian,3.0,2.208791208791209,0.21697177838497506,0.0050966549261200695,0.07216235175899466,0.2730988514318903,0.26932943077866517,0.16334093271935476
dPxZI9lrKTl5dvFfnb1_Ig,Trattoria Italia,Las Vegas,Anthem,36.010085600000004,-115.11865630000001,italian,2.0,2.0714285714285716,0.1801118985344113,0.01070730045092917,0.19506417066148662,0.16676401723663029,0.22194707915134973,0.22540553396519286
dWrezcuIAO-Ckx1W0gu5jg,Parma By Chef Marc,Las Vegas,,36.1808242173,-115.2589672,italian,2.0,2.088235294117647,0.19155974687108535,0.014090668072384049,0.06616707660858487,0.27262136910319845,0.23024535030508253,0.2253157890396646
dcFMlXIEun1ax2ebW_Y7-w,Bonanno's New York Pizzeria,Las Vegas,The Strip,36.095863021999996,-115.176219622,italian,2.0,1.8461538461538463,0.03901248797746785,0.3748940603601317,0.08841147832750283,0.2128617886158601,0.1195512154645173,0.16526896925452025
df5IJWW0-C4AJDCS9AwtbQ,L.A. Italian Kitchen,Las Vegas,The Strip,36.12186320000001,-115.16964909999999,italian,2.0,1.0,0.021604324084726036,0.2415230702314768,0.07539848284617108,0.2594926128513122,0.2686598687056904,0.1333216412806236
dj6nbGIqguJDXgz49nmFBw,Pizza Hut,Las Vegas,Southwest,36.0494801256,-115.243765382,italian,1.0,1.4047619047619047,0.06574193279910719,0.3856698513633532,0.3578542218328127,0.040067507560061374,0.037913009601782496,0.11275347684288309
dqO24yvvHJc5jgHm3LcliA,Novecento Pizzeria,Las Vegas,Southeast,36.017585060100004,-115.118139829,italian,2.0,2.074074074074074,0.09264255869780115,0.3782094815377405,0.10705937218203815,0.11538576552515575,0.06290661380465773,0.24379620825260673
duw-3Aj7gAKbQG-isS5UtQ,Veranda,Las Vegas,The Strip,36.090903000000004,-115.174393,italian,3.0,2.4857142857142858,0.28246371313678337,0.03169219823203838,0.031652031862257936,0.20961977426919776,0.30120503631200135,0.1433672461877212
e0JOkQYz_cnz91k6X55PLw,Sinatra,Las Vegas,The Strip,36.129913,-115.16543200000001,italian,4.0,2.3783783783783785,0.1692214212357747,0.004930098377359278,0.035765099777582146,0.30171559374931556,0.36741937372663314,0.12094841313333513
eBj_YyJU5jVu6tbZCkdtDA,Brio Tuscan Grille,Las Vegas,Westside,36.1671901,-115.2855925,italian,2.0,1.9491525423728813,0.3037183614376674,0.007215994807485541,0.11185546756870558,0.12559975625797049,0.30234300634759204,0.14926741358057916
eJCDUkFa7wl-BHYKZzaTMQ,Grape Street,Las Vegas,,36.19518,-115.2573615,italian,2.0,2.0,0.2296717884154827,0.04343168812343785,0.06469018163092734,0.1654864355664057,0.3123870226743266,0.18433288358941982
eRjcli4nDHRwhByViUz9Ow,Rosati's Pizza,Las Vegas,Summerlin,36.2187588225,-115.314123035,italian,2.0,1.7,0.057935538449128444,0.3310386379467452,0.2202270917525675,0.081437313349492,0.10728467522979926,0.20207674327226766
eefMnLfjlc3I166DyNZjXA,Palazzo Restaurant At Tuscany Hotel & Casino,Las Vegas,Eastside,36.1133965,-115.16008729999999,italian,2.0,4.0,0.0,0.0024676067804980197,0.14179915877651003,0.14413264419683874,0.3711641927980922,0.34043639744806115
eoyvbnRYQe-z85e8Rc6vAg,Grotto Ristorante,Las Vegas,Downtown,36.170349,-115.14494599999999,american,2.0,2.2708333333333335,0.18278780049216573,0.13092378513281286,0.08971621784148226,0.17933288131467115,0.31811138135795997,0.09912793386090805
eoyvbnRYQe-z85e8Rc6vAg,Grotto Ristorante,Las Vegas,Downtown,36.170349,-115.14494599999999,italian,2.0,2.2708333333333335,0.18278780049216573,0.13092378513281286,0.08971621784148226,0.17933288131467115,0.31811138135795997,0.09912793386090805
esBRj9uPRzwxaW4Lz1XGLA,Oyster Bar,Las Vegas,The Strip,36.119309799999996,-115.17177020000001,italian,2.0,2.1386138613861387,0.2140754223694739,0.01172713219960868,0.11930850177829194,0.1868289495153522,0.22586446863936097,0.23229453539890227
esivMfjV4OFS5g8YMuR3UA,Osteria Costa,Las Vegas,The Strip,36.120611100000005,-115.17683819999999,italian,3.0,1.5714285714285714,0.35357502339243135,0.020131550242865386,0.008809276333113196,0.22776907407616584,0.2539885957855385,0.1357264801698857
f0EH8nEFjQomm7bkCcmCSQ,Pasquales Ristorante,Las Vegas,The Lakes,36.143983500000004,-115.2794814,italian,2.0,3.0,0.2613885263598703,0.0,0.12540758197427732,0.17089049436582424,0.30725066390319167,0.13506273339683642
fAlKTsfsUF6A5iujEI2Z1w,Off The Strip at the LINQ,Las Vegas,The Strip,36.117683,-115.17124799999999,american,2.0,2.15,0.21147137877599056,0.01111918292291541,0.11198932022663963,0.20709831907059262,0.25732010403340655,0.20100169497045545
fAlKTsfsUF6A5iujEI2Z1w,Off The Strip at the LINQ,Las Vegas,The Strip,36.117683,-115.17124799999999,american,2.0,2.15,0.21147137877599056,0.01111918292291541,0.11198932022663963,0.20709831907059262,0.25732010403340655,0.20100169497045545
fAlKTsfsUF6A5iujEI2Z1w,Off The Strip at the LINQ,Las Vegas,The Strip,36.117683,-115.17124799999999,italian,2.0,2.15,0.21147137877599056,0.01111918292291541,0.11198932022663963,0.20709831907059262,0.25732010403340655,0.20100169497045545
fp1AV66Uq9mo_9ZhZIIpcQ,Pizza Hut,Las Vegas,Spring Valley,36.0709692414,-115.29844656600001,italian,,1.2777777777777777,0.04136393907285654,0.3924325236589643,0.3471083949107933,0.012731822950870584,0.06527515189355006,0.14108816751296527
fpM-O9Ul62xizBq9YNO_tQ,Romano's Macaroni Grill,Las Vegas,,36.1981346604,-115.242432917,italian,2.0,1.5806451612903225,0.2827196152846266,0.00709525195494968,0.11686496402312437,0.21704243490867703,0.24020414867237658,0.13607358515624585
g9iIBuh-g4ld3w3kUWLMqw,Radio City Pizzeria,Las Vegas,Downtown,36.169289899999995,-115.140026,italian,2.0,1.6875,0.14975527481277995,0.30799783795606844,0.07277275419000531,0.08305554210196218,0.12053945866961382,0.26587913226957033
gIPrEKqnJwaAH0ZyvnQHeg,Guadalajara,Las Vegas,,36.132771000000005,-115.085169,american,2.0,1.5833333333333333,0.2672000547991831,0.016152853622233867,0.12895483584676676,0.10577780082821696,0.252820451072478,0.22909400383112133
gIPrEKqnJwaAH0ZyvnQHeg,Guadalajara,Las Vegas,,36.132771000000005,-115.085169,italian,2.0,1.5833333333333333,0.2672000547991831,0.016152853622233867,0.12895483584676676,0.10577780082821696,0.252820451072478,0.22909400383112133
gKPGer8_b532vRzEjsXQxA,Strings Italian Cafe,Las Vegas,Eastside,36.100496299999996,-115.121475,italian,2.0,1.2,0.10932563648364743,0.0011138283897690498,0.08477541853951576,0.3123409326602622,0.1404965341103191,0.3519476498164865
gZBhQmqZy9aIq3HID8Vjkw,Enoteca San Marco,Las Vegas,Westside,36.1407035,-115.18231370000001,italian,2.0,2.1379310344827585,0.1133580613712678,0.13373354664260112,0.06477513998380394,0.2917619776119426,0.23189154011385565,0.16447973427652884
grf5Gmn_GAh8ImHTi3HLPg,Pizza Hut,Las Vegas,Southwest,35.9981629522,-115.206655461,italian,2.0,1.4375,0.040441413324206026,0.4208735575760799,0.2719804626087236,0.04551224106532417,0.07944786167317237,0.14174446375249394
gtVPsVK83JkeyrN1C1ozeQ,Pizza Lotto,Las Vegas,Downtown,36.1689134331,-115.13848629,italian,1.0,2.2857142857142856,0.0307440495886937,0.4657069750167247,0.025558627831596698,0.003658704099138381,0.18221108261439412,0.29212056084945237
h3BoyKFgStjnBeKO-wLmIg,Maestro's Pizzeria,Las Vegas,Eastside,36.1158035398,-115.104711368,italian,1.0,1.5714285714285714,0.07658489526220642,0.1310927219807477,0.31396490289956713,0.12236203879938816,0.1216131899411935,0.2343822511168971
h3pMMRwqBjMeMtk0_qQzRQ,Mezzo Bistro and Wine,Las Vegas,Northwest,36.2371316,-115.2311905,italian,2.0,1.6101694915254237,0.2720553619608716,0.01963841627952229,0.09157379092445278,0.194298972738827,0.22197528692332907,0.20045817117299716
hImWJjaB0hvWQ7tlxGYMMw,Pizza Hut,Las Vegas,Southwest,36.020917948299996,-115.26748881600001,italian,2.0,1.4102564102564104,0.07807691742089805,0.27068528404368736,0.397326544307826,0.02879114620713481,0.12216138810162494,0.10295871991882873
hdZ_4Vd9opGm5UajNUuhwA,NYP- Pizzeria,Las Vegas,The Strip,36.1023786,-115.1745465,italian,1.0,2.2083333333333335,0.04179682594066564,0.38019335659131964,0.07113798104671754,0.0825538810264118,0.15541469932220936,0.2689032560726759
hgQOESYp7CF4LnNI90XEiw,800 Degrees,Las Vegas,The Strip,36.142275399999995,-115.15624469999999,italian,2.0,2.109090909090909,0.05885533846165965,0.4943418090056101,0.059158151439904556,0.0939524518762517,0.11565002404008257,0.17804222517649143
hh-N1r9O1JpvzGw1mp0bKw,Rock'N'oodles,Las Vegas,Downtown,36.1584369,-115.1512011,american,2.0,3.1,0.0716829235945718,0.01675026541249728,0.14751657481674602,0.28882754496321894,0.2053517785455131,0.26987091266745294
hh-N1r9O1JpvzGw1mp0bKw,Rock'N'oodles,Las Vegas,Downtown,36.1584369,-115.1512011,italian,2.0,3.1,0.0716829235945718,0.01675026541249728,0.14751657481674602,0.28882754496321894,0.2053517785455131,0.26987091266745294
hrNIDao4XnOhrv7aaFehTg,Marco's Pizza,Las Vegas,Southwest,36.0550930904,-115.28331149200001,italian,2.0,1.7575757575757576,0.05097260028638271,0.31159759872361953,0.3450004210437929,0.05469715505516239,0.07132533246568407,0.1664068924253584
i-LDatuEXFN3EDZK1sgllQ,Aroma Cuisine of the World/Oscar Catering,Las Vegas,,36.115157,-115.23201440000001,italian,2.0,5.0,0.2305070256271347,0.032833258900432864,0.0,0.7366597154724324,0.0,0.0
i53HvxUdQEMllZ1XmpjjyA,Sicily's Pizza,Las Vegas,Spring Valley,36.124792299999996,-115.2799153,italian,2.0,1.169398907103825,0.033426747397226356,0.24440789325468013,0.38502294971046735,0.08354073664391394,0.08127852282165689,0.17232315017205535
i7VXx6AGmXtujc0kC1mUrw,Capozzoli's Italian Restaurant,Las Vegas,Eastside,36.1289807,-115.1374885,italian,2.0,2.0,0.0,0.0,0.06286822256663559,0.2710274752948071,0.4742153202361617,0.1918889819023956
iL2-xJ4-eMsJk88PsbivbQ,Anthony & Mario's Broadway Pizzeria,Las Vegas,Downtown,36.1616956,-115.1732142,italian,1.0,1.826086956521739,0.04773052591202499,0.289822665095907,0.20971424628375326,0.1022339264498526,0.10811885333243722,0.2423797829260249
ifEHr-ZnGFSKgJVsywiAFg,Nora's Wine Bar and Osteria,Las Vegas,Westside,36.1602235,-115.2915112,italian,2.0,1.6363636363636365,0.18435729331588424,0.05590547688332068,0.0980104295249406,0.17486853571277597,0.24914998589818638,0.23770827866489208
igU-mCXzyn-gmwSzJgeMEQ,The Pizza Kitchen,Las Vegas,Spring Valley,36.0931006304,-115.296561653,italian,1.0,2.25,0.07146729563631528,0.3938592016709378,0.15227560151187636,0.0395226557481102,0.07834100425969441,0.264534241173066
j00iBr6uYnwgFs_J5y9f0w,Rocco's NY Pizzeria,Las Vegas,Spring Valley,36.064201000000004,-115.24156599999999,italian,2.0,1.626865671641791,0.062149708605528924,0.28565095926857587,0.2588212327082895,0.13058774134437168,0.08852693217555124,0.17426342589768268
jO3ikdNbF_TGGv87izTkEg,Buca di Beppo Italian Restaurant,Las Vegas,Summerlin,36.1972178336,-115.264131725,italian,2.0,1.7142857142857142,0.22042235678523914,0.011564325756494262,0.1350659906502089,0.21970500541613971,0.24676589152727452,0.1664764298646434
joykx2LTxkBKvh-fEk4aKw,Lucio Ristorante,Las Vegas,,36.114779,-115.2217331,italian,3.0,1.7142857142857142,0.10230422804883384,0.0033605875385548226,0.05185187526526214,0.25070794993842077,0.2875335732832947,0.3042417859256337
k8BqCejnaMlw7aoVthvqyw,The Bootlegger Italian Bistro,Las Vegas,Southeast,36.048992157,-115.171539307,italian,2.0,2.125,0.20261674668053867,0.04905977429737849,0.11570720786706962,0.21877320533671932,0.22131556024986088,0.19252750556843318
kUQwaqwxKlScAQNhRx2_2w,Boston Pizza,Las Vegas,Downtown,36.1530812,-115.15096640000002,italian,1.0,1.8412698412698412,0.03296388677950618,0.3006633738009929,0.2574868737654061,0.11152212706600471,0.11391735843464859,0.18344638015344164
kafUXRNfQm3e_U14S2WbmA,Pizzeria Monzú,Las Vegas,,36.115109999999994,-115.2236,italian,2.0,3.0,0.008604966978711201,0.01356362442886715,0.07777472162988883,0.022071619665970446,0.3440783441216659,0.5339067231748965
kc5JPu8lkg64yUbrheJxng,Daddy's Delights,Las Vegas,,36.14795529999999,-115.16457209999999,italian,2.0,1.5,0.07200878520853916,0.046573559964809684,0.4055854451558842,0.17438110443737256,0.13659110412910783,0.16486000110428653
kgw8nBO9ZMRhukfnJd6bxg,Grape Street Cafe & Wine Bar,Las Vegas,South Summerlin,36.1489796236,-115.332965979,american,2.0,1.6842105263157894,0.22664241508662164,0.018718748724849972,0.062306838574916194,0.2007497236394194,0.292836441474845,0.19874583249934788
kgw8nBO9ZMRhukfnJd6bxg,Grape Street Cafe & Wine Bar,Las Vegas,South Summerlin,36.1489796236,-115.332965979,italian,2.0,1.6842105263157894,0.22664241508662164,0.018718748724849972,0.062306838574916194,0.2007497236394194,0.292836441474845,0.19874583249934788
kihL3ob1VOlAaGNeJ0fClw,Mama Cimino's,Las Vegas,Southeast,36.043263200000005,-115.15027579999999,italian,2.0,1.3333333333333333,0.007509106683597462,0.4108788296679644,0.19539021059771775,0.18438758914056327,0.008782344802973885,0.1930519191071832
klddGAcNIpE_aB5sd1hNXw,Society Cafe Encore,Las Vegas,The Strip,36.1287863966,-115.165779185,american,2.0,2.3137254901960786,0.19648024684298845,0.018693476823017915,0.07053073951468704,0.20088414693948525,0.32525554330947987,0.1881558465703414
klddGAcNIpE_aB5sd1hNXw,Society Cafe Encore,Las Vegas,The Strip,36.1287863966,-115.165779185,italian,2.0,2.3137254901960786,0.19648024684298845,0.018693476823017915,0.07053073951468704,0.20088414693948525,0.32525554330947987,0.1881558465703414
lAR6Lj6-zBxQNqflZt0zTQ,Buca di Beppo Italian Restaurant,Las Vegas,Eastside,36.114943726599996,-115.151831657,italian,2.0,1.4954128440366972,0.2630247748016596,0.04128563580936988,0.0894368673079903,0.19297430791980705,0.24272772585558608,0.17055068830558712
lCZ1pvgb9i3c2y55XalbhA,Soup's Chi-Town Kitchen,Las Vegas,Spring Valley,36.1227559,-115.27952490000001,italian,,2.6666666666666665,0.0036032808454148995,0.13379761297144102,0.0,0.13644718022041116,0.12998952569063757,0.5961624002720954
lKq4Qsz13FDcAVgp49uukQ,Slice of Vegas,Las Vegas,The Strip,36.094448,-115.176184,italian,2.0,2.1463414634146343,0.12172692381736562,0.3330913167338896,0.08357824847390145,0.1332280321363815,0.14422197922125418,0.18415349961720753
laSyDWzuKb1wo1XWFEUsWQ,Goodfellas Bar & Restaurant,Las Vegas,,36.211461,-115.24986100000001,italian,2.0,2.0,0.0066760914602979156,0.016012662541578487,0.22732109652421933,0.33212648972726017,0.10313550891027258,0.3147281508363715
leZNWLccyBaXpPIRPK_lsA,Fazoli's,Las Vegas,Summerlin,36.183766999999996,-115.30870300000001,italian,1.0,2.1666666666666665,0.16704341774023498,0.06687241493908978,0.08875713629442213,0.22226977436675766,0.240715381224067,0.2143418754354284
lwxYmWqjmEZ0ukCsXC9Pfg,Giordanos - Las Vegas,Las Vegas,The Strip,36.1140191924,-115.17200781700001,italian,2.0,1.8854961832061068,0.18010683457035748,0.3420791545178199,0.11962350332486504,0.14159540823056763,0.12887031771192112,0.0877247816444688
m1RrPKgNleBoGYdnRRhmGw,The Pods By Wolfgang Puck,Las Vegas,The Strip,36.108808200000006,-115.17358300000001,italian,2.0,2.0,0.13770882821948172,0.0009228523104824698,0.09148711294529717,0.16766550809332503,0.3363885716295934,0.26582712680182025
mE-isLpfMbdQpOmb-WWo3w,3 Tomatoes and A Mozzarella,Las Vegas,Spring Valley,36.07097,-115.243522,italian,2.0,2.0,0.08869525151331208,0.10342732116510452,0.06503984977246534,0.10002498663801423,0.34724766823702624,0.2955649226740776
me17NOULVwu40AdKGYHIaQ,Rocco's Ny Pizza & Pasta,Las Vegas,Southeast,36.0432633089,-115.150275975,italian,1.0,1.9655172413793103,0.03089283433316447,0.40504692195900255,0.17621626457936798,0.15540701981184574,0.07612289595458571,0.15631406336203357
mlXQFMNrCFgnOjQhylD9yw,Pizza Hut,Las Vegas,The Strip,36.0990357434,-115.174877197,italian,2.0,1.6,0.1215739553019275,0.30516830325222166,0.3077685265407984,0.0,0.14600449670788296,0.11948471819716952
nDKcQkh8vZkY_u1kyww44g,Valentino,Las Vegas,The Strip,36.12145170000001,-115.16961119999999,italian,4.0,2.4375,0.12783780165935926,0.005743883994878069,0.02794473141864939,0.2907722186877949,0.4121665010186303,0.13553486322068817
nI-ZmgPjAtiNTTU-_gnoYQ,Trattoria Reggiano,Las Vegas,South Summerlin,36.148739,-115.33271699999999,italian,2.0,1.5161290322580645,0.2113648510906181,0.07897932329535336,0.08856028867734181,0.216714238658155,0.2701414100858818,0.13423988819264995
nK7JeIqdBli3umEhBIh33g,Lucio Ristorante,Las Vegas,The Lakes,36.1439829,-115.2796682,italian,2.0,2.0,0.010322051680690529,0.007724565345981621,0.0,0.11025280030126859,0.7271106993945223,0.14458988327753697
nOkSC1GtMUJ_I70sb0SaeQ,Pizza Natali,Las Vegas,Southeast,36.043180624899996,-115.150212944,italian,2.0,1.5,0.021811165729628677,0.19373264922210134,0.37414467804841933,0.07604879236124483,0.09437589683898315,0.23988681779962273
nRNWaEuPtfcyR8pI-LnASA,Italia Express,Las Vegas,Downtown,36.1645965,-115.1572337,italian,1.0,3.0,0.0,0.6319480411001455,0.0,0.0,0.3680519588998545,0.0
nS6QENxe6YODNrQ45bpC-A,Cafe Verdi,Las Vegas,Westside,36.1318649,-115.1924321,italian,1.0,1.4285714285714286,0.031143638566097955,0.13514777371124176,0.37783693986767264,0.13234453341580743,0.14751903799809057,0.1760080764410898
nUpz0YiBsOK7ff9k3vUJ3A,Buddy V's Ristorante,Las Vegas,The Strip,36.123406,-115.17018799999998,american,2.0,2.2109375,0.23403295829490245,0.024926821242459832,0.06532519534297195,0.2708181800377566,0.29313819894568177,0.11175864613622737
nUpz0YiBsOK7ff9k3vUJ3A,Buddy V's Ristorante,Las Vegas,The Strip,36.123406,-115.17018799999998,italian,2.0,2.2109375,0.23403295829490245,0.024926821242459832,0.06532519534297195,0.2708181800377566,0.29313819894568177,0.11175864613622737
nbO2S-63XuihPXjJS_7XaA,Prima Pasta,Las Vegas,Southwest,36.052119,-115.27921,italian,2.0,3.0,0.0,0.35300325171420743,0.0,0.29329776696962817,0.0012582946936774842,0.35244068662248695
nebRKfau_9iTxRDR6WGj9A,Kapuso Kapamilya,Las Vegas,Chinatown,36.1267731,-115.1977623,italian,2.0,1.2727272727272727,0.12545262943428656,0.019589681924144033,0.07619950257191717,0.1354674654586991,0.26628388651996837,0.3770068340909847
oH6QAuoTLFaX97oqqpLTMg,Familia Pizzeria,Las Vegas,Southwest,36.042460999999996,-115.2782,italian,1.0,2.046511627906977,0.026923867529890146,0.386461999592637,0.20085028926574508,0.11898290758575442,0.0669251764467727,0.19985575957920074
oJX6NTUC98eGAQX4Da097A,Luciano Garden,Las Vegas,Southeast,36.0860009753,-115.10139238100001,italian,2.0,1.0,0.01166744904379387,0.2702768973836572,0.0,0.06951675108621247,0.0416243527179961,0.6069145497683404
oRbrnRAXGQetQDbkDhJp8w,North Italia,Las Vegas,Westside,36.159717,-115.2915033,italian,2.0,2.1481481481481484,0.2286049830587169,0.06362189923394015,0.1008310494539511,0.18189378729812034,0.28418653872201866,0.1408617422332528
o_PJyAnngdzxpC5WDyqtyA,Milano's III Pizza,Las Vegas,Eastside,36.105381,-115.1505383,italian,1.0,1.3333333333333333,0.09026373596078398,0.3430582224072951,0.1835093869077289,0.09484868231330724,0.0,0.2883199724108848
oaqbLDW3wNqkynlnp4mvlw,Lupo by Wolfgang Puck,Las Vegas,The Strip,36.0920061477,-115.176005356,italian,3.0,2.0675675675675675,0.1748602654289932,0.04079185915478527,0.07013991491127344,0.2615187611554015,0.3305639585718283,0.12212524077771841
pCQC79ndhdiaJaQmP6QiYQ,Luciano's,Las Vegas,The Strip,36.1275236,-115.1715003,italian,2.0,4.0,0.0,0.0,0.0,1.0,0.0,0.0
pHJu8tj3sI8eC5aIHLFEfQ,Nora's Italian Cuisine,Las Vegas,,36.1150515442,-115.220283569,italian,2.0,2.185185185185185,0.20518324944523578,0.03906460664924164,0.060470691845433876,0.26226395384515844,0.2508339071935141,0.1747761836140086
pTW2TYYRNXn-jPn7GWn_1Q,Roma Garden,Las Vegas,Southeast,36.085437,-115.102399,italian,2.0,1.0,0.17671596704829542,0.14161754124041726,0.048697863372681297,0.05120470683096256,0.28691002538400195,0.29485389612364155
pXQV_vlMtQt---3W_do9Zg,Maru's Pizza & Italian Bistro,Las Vegas,Westside,36.1428450405,-115.26850063200001,italian,2.0,1.4,0.08282565660497473,0.22897583457309598,0.16152277765327264,0.12623130670961086,0.08505233228205034,0.31539209217699554
pfmr8R3WH8RXqW0W6D8ffQ,Lombardi's Romagna Mia,Las Vegas,The Strip,36.1105741013,-115.169416779,american,2.0,1.851063829787234,0.14480519163128389,0.01627630352636065,0.08229232349551792,0.30059212890890646,0.2677163235174621,0.1670411331757881
pfmr8R3WH8RXqW0W6D8ffQ,Lombardi's Romagna Mia,Las Vegas,The Strip,36.1105741013,-115.169416779,american,2.0,1.851063829787234,0.14480519163128389,0.01627630352636065,0.08229232349551792,0.30059212890890646,0.2677163235174621,0.1670411331757881
pfmr8R3WH8RXqW0W6D8ffQ,Lombardi's Romagna Mia,Las Vegas,The Strip,36.1105741013,-115.169416779,italian,2.0,1.851063829787234,0.14480519163128389,0.01627630352636065,0.08229232349551792,0.30059212890890646,0.2677163235174621,0.1670411331757881
pik4ebdFa0UcUhnNkivFcg,Carmine's Italian Restaurant - Las Vegas,Las Vegas,The Strip,36.1193209467,-115.17520044700001,italian,3.0,1.794392523364486,0.22851911570995784,0.009558484393301517,0.08916986141383003,0.21674654016235417,0.29389152148835307,0.1621144768322033
ppmYIHMCIL5bocUsJSsDWA,Market City Caffe,Las Vegas,The Strip,36.104612,-115.17603000000001,italian,2.0,2.6666666666666665,0.11663407831278882,0.015007057734130158,0.26597771773561213,0.4342709149199089,0.039247165394740026,0.12886306590281996
prPOsr3aS9IStGdBil9l5A,Prima Pizza & Cafe,Las Vegas,Southwest,36.0484864,-115.2243463,italian,2.0,1.68,0.04448219010877036,0.2555376257813644,0.2714460622552928,0.10867969497957225,0.13875445782007412,0.18109996905492617
q3dJQtwZQrrurNT-1bNKgQ,Capo's Italian Cuisine,Las Vegas,Westside,36.143974,-115.219248,italian,2.0,1.763157894736842,0.20428185628713713,0.008518639462315637,0.08019083986200036,0.1722504846476069,0.29438127350371135,0.2403769062372288
qABb9Wzdn51VcNHdp_Qhpg,Tintoretto Restaurant and Bakery,Las Vegas,The Strip,36.122113735,-115.170623889,italian,2.0,2.1333333333333333,0.13660608067921298,0.03910868235012536,0.10817359653627287,0.2111436919261613,0.28119315205708406,0.19044146311781007
qFAw6wHMMcr4ctF-ZdGhEA,Trattoria Reggiano,Las Vegas,The Strip,36.121928999999994,-115.168416,italian,2.0,2.191011235955056,0.18152220159855176,0.050738790558185136,0.05826125647310173,0.23678926546376408,0.28044317387869555,0.1922453120277018
qMOyKuyZpFH-Lmszd3Mn-A,Al Dente,Las Vegas,,36.175,-115.136389,italian,2.0,1.0,0.056826363478131796,0.0001472310220121684,0.07296098149309833,0.3783232641632267,0.16535881490190066,0.32638334494163024
qRymrsLmlA34bC8PvNoujg,Market Grille Cafe,Las Vegas,Centennial,36.289201399999996,-115.28733429999998,italian,2.0,2.2222222222222223,0.11743780729038922,0.017014256813181347,0.15981526555838066,0.2590732613337816,0.24495130853087888,0.20170810047338827
qtc1YZix_5lHBJTZq7DOpA,Zeffirino,Las Vegas,The Strip,36.122153000000004,-115.169427,italian,3.0,1.6984126984126984,0.24536502099961277,0.01347115918960636,0.0867154717844459,0.20663692864648506,0.2749275273036239,0.15701087620321014
r-wz3rmeNGLBMOqtfXnxog,Don Michael's,Las Vegas,Northwest,36.2472804,-115.2089199,italian,2.0,2.0,0.23542967888433028,0.0012707103113406184,0.22381529106923823,0.1560836606972555,0.16894764888311561,0.21445301015471968
r6jbUGiyoN05mZ13apQGgw,Mama Depalma's Pizza & Bistro,Las Vegas,Southeast,36.0106875,-115.13712779999999,italian,2.0,1.7142857142857142,0.04767425444303033,0.3056879188377726,0.2658784743626236,0.14919219335241113,0.09679960475990257,0.1347675542442599
rLMsz9ams_xrlX_weejhtQ,Midtown,Las Vegas,Eastside,36.1294227,-115.14249129999999,italian,2.0,1.3333333333333333,0.13451538181149764,0.07232351191269454,0.24513434527642453,0.07907234177401916,0.13303523114321325,0.335919188082151
rS3KdecMS-EF4H3VtmkxBw,Angelina's Pizzeria - Charleston,Las Vegas,Sunrise,36.1580822694,-115.047082886,italian,2.0,1.5932203389830508,0.0616662390592421,0.14261083409603467,0.30754961732586283,0.1019963000161301,0.1901708445203712,0.19600616498235904
rZwq4LBO0p9m9zJ2zSEKNQ,Elements Fine Casual Dining & Cocktails,Las Vegas,Spring Valley,36.0987050926,-115.242483651,american,2.0,1.375,0.202381004805611,0.015893426854171878,0.16249762370755857,0.14202147281551247,0.20976479138669177,0.26744168043045435
rZwq4LBO0p9m9zJ2zSEKNQ,Elements Fine Casual Dining & Cocktails,Las Vegas,Spring Valley,36.0987050926,-115.242483651,american,2.0,1.375,0.202381004805611,0.015893426854171878,0.16249762370755857,0.14202147281551247,0.20976479138669177,0.26744168043045435
rZwq4LBO0p9m9zJ2zSEKNQ,Elements Fine Casual Dining & Cocktails,Las Vegas,Spring Valley,36.0987050926,-115.242483651,italian,2.0,1.375,0.202381004805611,0.015893426854171878,0.16249762370755857,0.14202147281551247,0.20976479138669177,0.26744168043045435
rjZ0L-P1SRLJfiK5epnjYg,San Gennaro Feast,Las Vegas,Spring Valley,36.068450899999995,-115.28724199999999,italian,2.0,1.206896551724138,0.11621878186082876,0.055036496958884955,0.04097627258717495,0.11858841966668342,0.3078318942745363,0.3613481346518916
rrCwnfPc_Z-fCdtpyMUWIQ,Gallo's Pizza Kitchen,Las Vegas,Northwest,36.219859,-115.250331,italian,2.0,2.0,0.10685198885579318,0.2919106552846589,0.07893347322779827,0.03968356210440775,0.04409093845757271,0.43852938206976916
rvxpYoiNldD6R9kwXoC7Rg,Sbarro,Las Vegas,Eastside,36.1311282,-115.15111920000001,italian,,1.0,0.07294722349086048,0.7672630655191139,0.0,0.09380607959409086,0.0,0.06598363139593474
s2X_2ri_9Krm0xuciKCR-Q,Bacio Italian Cuisine,Las Vegas,The Strip,36.099044799999994,-115.1704519,italian,3.0,1.8888888888888888,0.19659252438861033,0.006814854264429093,0.03856214337042428,0.3180081182223206,0.25278109529760867,0.18724126445660705
sNCVfhG0V3JoCGcKynESrg,Best Billiards,Las Vegas,Eastside,36.1153573,-115.09369,italian,2.0,1.6666666666666667,0.06651229475975824,0.12337913354995848,0.02169011447513139,0.0,0.042873206143167836,0.7455452510719841
sfzX4Ndds39mhS-Chr2lJw,Don Antonio's Pizzeria,Las Vegas,Southeast,36.029664700000005,-115.13615259999999,italian,2.0,1.4545454545454546,0.16073768151480602,0.13051263712070138,0.08138165916062405,0.10433530120100207,0.23008591236052817,0.29294680864233835
stNlfaeBITkyGmHn8oRwvg,Venice Pizza & Subs,Las Vegas,Eastside,36.1152094,-115.15311100000001,italian,1.0,1.2727272727272727,0.027861350985293198,0.3331519158416207,0.3275815494358802,0.06709728393511105,0.09210972403371348,0.15219817576838135
t43XJ7we7RugvqM5ytr_WQ,Pie Zanos,Las Vegas,Eastside,36.1160368623,-115.08942604100001,italian,2.0,1.0,0.2698781626682816,0.05273258408014449,0.0318465895507611,0.05164631164338697,0.08327161576818377,0.5106247362892421
t7Zsr25NK1NlXbS_2CYc1Q,Fazoli's 5268,Las Vegas,Spring Valley,36.0935509,-115.29663799999999,italian,1.0,2.25,0.09168060825274782,0.08670886681346092,0.03882763694123442,0.38369323528699273,0.240053553278968,0.15903609942659605
tjHhb6lrJdOryY5Ao4pHOg,Beach St. Pizza,Las Vegas,,36.1915274,-115.2594518,italian,1.0,1.4375,0.027786024555076498,0.2637397444569819,0.32472943998522064,0.2129756812749629,0.04200555137219989,0.1287635583555582
u0YYkO2CeD3JFCkR1wSMog,Martorano's,Las Vegas,The Strip,36.112428,-115.17151899999999,italian,3.0,1.6363636363636365,0.20031294125500027,0.002990070554707791,0.05558112983508747,0.2434774822815662,0.3209178336953509,0.17672054237828727
u73Cv9yp_gTGNhBvECSJGA,Sbarro,Las Vegas,The Strip,36.104586,-115.174466,italian,1.0,2.235294117647059,0.08954359909216583,0.3013763138844089,0.04270768912505594,0.18386104228678213,0.1767714991432331,0.20573985646835408
uIbZjRRqR1OR-t2NBCa1Wg,Pizza Hut,Las Vegas,,36.09445720000001,-115.2088673,italian,1.0,1.8333333333333333,0.041510973223835096,0.35022398842517455,0.4501748202381919,0.02341455577523836,0.05483662474659672,0.07983903759096345
v2xh5qtrlRJSU3OnixJH2g,Pasta Fresh,Las Vegas,Spring Valley,36.114124100000005,-115.30871090000002,italian,2.0,1.6666666666666667,0.009786247943826284,0.004836616372663301,0.23979805852108604,0.4166342807638735,0.20783845366163892,0.12110634273691194
vQWVP7MtpgXFwUMvxCj9Tw,Metro Pizza,Las Vegas,Eastside,36.112986,-115.16345,italian,1.0,2.090909090909091,0.06904188080496886,0.47950587966688724,0.16173271890653618,0.035677987525618245,0.05430863643260528,0.19973289666338434
vZLAmpN-hTI3GCT9hlHVUA,Carbone,Las Vegas,The Strip,36.107199,-115.17698700000001,italian,4.0,1.71875,0.21897391974131758,0.0053227288231865,0.07940141130178491,0.22142329326173676,0.27899440515454077,0.19588424171743343
viji5rHhNlsy9w-JmUhyaw,Olive Garden Italian Restaurant,Las Vegas,Westside,36.1548474,-115.20730320000001,italian,2.0,2.119047619047619,0.29019047346139315,0.014958673528050137,0.14634965828610214,0.24037466317092757,0.17646050195430638,0.13166602959922052
w12x7UBSSRsdbp3ZqguG3Q,The Palm Las Vegas,Las Vegas,The Strip,36.119004043000004,-115.17576111700001,american,3.0,1.92,0.2200497115150202,0.012674898188747256,0.10288610223943467,0.24884243509949763,0.25195644767360875,0.1635904052836915
w12x7UBSSRsdbp3ZqguG3Q,The Palm Las Vegas,Las Vegas,The Strip,36.119004043000004,-115.17576111700001,italian,3.0,1.92,0.2200497115150202,0.012674898188747256,0.10288610223943467,0.24884243509949763,0.25195644767360875,0.1635904052836915
w19nAzC69-AppXp8psaFFg,Fellini's Ristorante Italiano,Las Vegas,Westside,36.1590151,-115.217721,italian,2.0,1.0,0.12516950299468807,0.009393241270255025,0.08180961241280224,0.10597059906070867,0.1067791710024772,0.5708778732590688
w4yq1IRk0DHQE995giqjGg,Olive Garden Italian Restaurant,Las Vegas,University,36.1140471648,-115.132257289,italian,2.0,1.7777777777777777,0.2831701849853906,0.010115083127550774,0.11901151567590311,0.17559489532764624,0.25066425102495044,0.16144406985855883
wPiRP76arN0NB3M1ZXXp7g,Canaletto,Las Vegas,The Strip,36.1228701249,-115.168573476,italian,2.0,1.7717391304347827,0.16989267096879096,0.050012743615865496,0.07717969112031403,0.1749410916187313,0.3399023521762318,0.18807145050006654
wXRhRfnXaV_icpT5P8r9pg,Maggiano's Little Italy,Las Vegas,South Summerlin,36.1508927611,-115.332144594,italian,2.0,1.8076923076923077,0.24806710503345836,0.0043417182967373695,0.18631046259918935,0.2120334223659229,0.23954586424653104,0.109701427458161
x8jNsE4EAYCsecNNlYU02Q,Cafe Verdi Rebel,Las Vegas,Spring Valley,36.0985196,-115.2966767,italian,,1.5,0.02883600953936987,0.023016898214132175,0.5603314333395879,0.17437693288003822,0.13656985916133096,0.07686886686554094
x_onUwRHvlStmDhmLIuPBg,Joe's Bar,Las Vegas,,36.2106864402,-115.20709924399999,italian,2.0,5.0,0.34084607049230736,0.0,0.0,0.0,0.5443892244953635,0.11476470501232908
xmWs-su5eB5_57CIw4sqfw,Gina's Bistro,Las Vegas,Spring Valley,36.1128802,-115.27862240000002,italian,2.0,2.3333333333333335,0.0993298766761434,0.013159347942033998,0.043111001883179144,0.33854060018071386,0.20740360163141563,0.29845557168651404
xvfAxe6F0azYjfLSm8ISMA,Don Vito's Italian,Las Vegas,Southeast,36.011877,-115.175816,italian,2.0,1.8823529411764706,0.07603749098382756,0.0033035678221653405,0.022238120315948778,0.3805391367305174,0.43480879463720173,0.08307288951033918
y1esDY2vFyaTMf1YlRT7ZA,La Bella Napoli Pizzeria,Las Vegas,Southeast,36.06816,-115.177495,italian,2.0,1.7692307692307692,0.21037866081276452,0.24932147449030231,0.07652358659808096,0.08954889659450314,0.07843581625721528,0.2957915652471338
yGd87bkFijZ6YHrHtW5maA,Basil Thai Fusion,Las Vegas,Northwest,36.2377817298,-115.231436995,american,1.0,2.3333333333333335,0.02778615450074266,0.008690941938647107,0.29321868736543083,0.27284742017240526,0.1690179922704108,0.22843880375236333
yGd87bkFijZ6YHrHtW5maA,Basil Thai Fusion,Las Vegas,Northwest,36.2377817298,-115.231436995,italian,1.0,2.3333333333333335,0.02778615450074266,0.008690941938647107,0.29321868736543083,0.27284742017240526,0.1690179922704108,0.22843880375236333
yNVcnSaMSrTmjJBMrHTy9w,Battista's Hole In the Wall,Las Vegas,The Strip,36.115189,-115.168244,italian,2.0,1.7843137254901962,0.11650884035079369,0.013786121525627793,0.0451016175630811,0.3169507804709579,0.27154911226360734,0.2361035278259321
yVmJdzstj6fQf7DyObvB7A,Johnny's Pizzeria,Las Vegas,,36.1167633047,-115.20754349200001,italian,2.0,1.375,0.03978516127918293,0.13205447555196118,0.39557652552098466,0.20593329333495927,0.09647515733297524,0.13017538697993664
yd0g-FRSAdP9YKm7Z8-uUw,La Piazza,Las Vegas,,36.1817194,-115.13942469999999,italian,2.0,2.0,0.10412986018121176,0.16176630553140406,0.1964536259139774,0.09004729137035056,0.2031542551261878,0.2444486618768684
yniif9v-2PpVIbsotxv6OA,Dino's Little Italy,Las Vegas,The Strip,36.106542,-115.17204,italian,1.0,1.0,0.045232618478613075,0.18337356280519312,0.07008687214745257,0.0,0.07291721432576852,0.6283897322429727
z2VJoa0l_QGFhl7YqiES6g,Cafe Volare,Las Vegas,,36.095690999999995,-115.18921100000001,italian,2.0,2.0,0.0,0.0,0.11406275650846084,0.7534628757640001,0.03619808773043462,0.09627627999710445
z45xS0Kc6GpiITwrpkRVdQ,Joe Vicari's Andiamo Italian Steakhouse,Las Vegas,Downtown,36.16944,-115.142905,italian,3.0,2.3793103448275863,0.24912859691201414,0.0075640910190026365,0.05615701189280483,0.18806939481741697,0.31907412953751046,0.18000677582125105
zBD6zc8YU-TA0_KJmN1tpA,Rosati's Pizza,Las Vegas,South Summerlin,36.128386,-115.3144557,italian,2.0,1.925,0.04013853388160638,0.25380635634075016,0.32749036996566067,0.13726841381228655,0.10924211650441633,0.13205420949527988
zCaczzZnQUiduNNFvLa0Gg,Tony and Tina's Wedding,Las Vegas,The Strip,36.113731,-115.16858700000002,italian,,1.1875,0.1225062322116289,0.004212852981914259,0.04205896384638478,0.1379251174260223,0.3879099706503967,0.3053868628836531
zDZGCsPaiDqbLiE3_blJBw,International Eatery,Las Vegas,Downtown,36.170055,-115.140844,italian,1.0,1.4,0.06753268731894818,0.06946767589979601,0.03166818052317942,0.09477173337656472,0.25023624670854144,0.4863234761729702
zDZGCsPaiDqbLiE3_blJBw,International Eatery,Las Vegas,Downtown,36.170055,-115.140844,chinese,1.0,1.4,0.06753268731894818,0.06946767589979601,0.03166818052317942,0.09477173337656472,0.25023624670854144,0.4863234761729702
zEaGcSVPDQipnRdEZp-F6g,Dom DeMarco's Pizzeria & Bar,Las Vegas,Westside,36.1578224556,-115.31120186,italian,2.0,1.6944444444444444,0.1454736385848843,0.30054954345992246,0.0941132295866148,0.10135862425248994,0.17093204639048848,0.18757291772559986
zFzuJf6G8l1YWjqcmu_PgA,Salvatore's,Las Vegas,Westside,36.16911079999999,-115.29130320000002,italian,2.0,1.7,0.22560563551277166,0.002464820397020095,0.08409334166707874,0.2690101223162452,0.29744726314792497,0.12137881695895922
zNCwlx7Myd5jBLwOql8I5A,Carluccio's Italian Restaurant,Las Vegas,Southeast,36.010965399999996,-115.1205761,italian,2.0,1.3333333333333333,0.17645036749792023,0.0,0.04083360707697128,0.3636427199280736,0.37432651313447507,0.04474679236255973
zQp4fij2fBaZawyO_ymIEg,Villa Pizza,Las Vegas,Southeast,36.083999799999994,-115.1537389,italian,2.0,1.3333333333333333,0.0848516543041283,0.17617099746046153,0.12317244718733406,0.27982210647929134,0.1393980564967896,0.1965847380719952
zTkMh_RUVZW-J3lh7-l09Q,Pasta Cucina,Las Vegas,,36.133220722,-115.08484758799999,american,2.0,2.5,0.34750055428170673,0.012447397612844796,0.039234975851869296,0.3692443180234279,0.14968470641654402,0.0818880478136073
zTkMh_RUVZW-J3lh7-l09Q,Pasta Cucina,Las Vegas,,36.133220722,-115.08484758799999,italian,2.0,2.5,0.34750055428170673,0.012447397612844796,0.039234975851869296,0.3692443180234279,0.14968470641654402,0.0818880478136073
zY6f_cFY8HTI3hLlJj3SOg,Sabatino's Authentic NY Pizzeria,Las Vegas,Northwest,36.2187395665,-115.262160152,italian,2.0,1.8909090909090909,0.06907793241890448,0.24034676951284442,0.2378111071749485,0.09429531931858685,0.17175250190568137,0.18671636966903446
zYDih_sBtW5ujL-zmUjIqA,Magura,Las Vegas,Eastside,36.1302395377,-115.103171679,italian,1.0,2.125,0.03775844443071777,0.24251571127394025,0.3455959067108082,0.1819968677356819,0.08113903107528976,0.11099403877356209
zoYIwHGvnglmrZD0RqhRIA,La Focaccia,Las Vegas,Southeast,36.02624,-115.119129,italian,2.0,1.0,0.33358872596368155,0.0031380061296183447,0.0657824028185493,0.09526934862450233,0.2356481258862014,0.26657339057744717
zqQ9yqNh0EtCIXATGlBS0A,LTO Pizza & More,Las Vegas,Eastside,36.1090109,-115.1538512,italian,2.0,1.0,0.270774681369819,0.1394458069110818,0.5430591625159957,0.0,0.04672034920310343,0.0
