business_id,name,city,neighborhood,latitude,longitude,cuisine,RestaurantsPriceRange2,stars,Buffet/Atmosphere,Chicken/Soup,Dim Sum,Order/Waiting Time,Ginger Beef/Pork,Customer Service
0gVPTer9PnXRmSjuHt-XgQ,Silver Inn Restaurant,Calgary,,51.07623243689999,-114.062241015,chinese,2.0,2.0,0.38427139073189437,0.17796099071270371,0.021334559875088935,0.021309121881073367,0.39512393679923974,0.0
1jxxXQYOdP91LkF2Mz9Q9Q,Golden Village Restaurant,Calgary,,50.9154805,-114.0632463,chinese,1.0,1.0,0.2756276811848586,0.040521635716006206,0.0007713210446882398,0.5078289909191841,0.08058674228052227,0.09466362885474051
2-l_q7HBRak5i6X46l0OHw,The Dessert House,Calgary,,51.050889,-114.061939,chinese,2.0,2.0,0.18980323395549215,0.0,0.0022403723696966115,0.5719495865228347,0.005815944053646661,0.23019086309833003
21aDJ_xLGcEDkcyQRexlOQ,Hawkwood Palace Restaurant,Calgary,,51.129661337799995,-114.177907445,chinese,2.0,1.8333333333333333,0.19849037957897053,0.07613983260928668,0.0347918630565258,0.3133354118819003,0.32201580592618034,0.05522670694713643
2M3tt_0FfsDiy-DDWIH4dg,Top Brass Restaurant & Cocktail Lounge,Calgary,,51.08047929999999,-114.0173933,american,1.0,1.0,0.06149559527555022,0.0,0.12404313377925054,0.6736444283056954,0.03794570813941456,0.10287113450008928
2M3tt_0FfsDiy-DDWIH4dg,Top Brass Restaurant & Cocktail Lounge,Calgary,,51.08047929999999,-114.0173933,chinese,1.0,1.0,0.06149559527555022,0.0,0.12404313377925054,0.6736444283056954,0.03794570813941456,0.10287113450008928
2e19A9GaSfor4HQc0jxe4Q,Central Grand Restaurant,Calgary,,51.0666394,-114.06358119999999,chinese,2.0,2.0,0.19264566518607457,0.036662766336404494,0.3074686205591917,0.11461375312508833,0.019808675590190276,0.32880051920305065
30QeX9bXmjYqrhZlpomFsw,Pearl Express Take-Out & Delivery,Calgary,,51.018942200000005,-114.1557699,chinese,2.0,2.0,0.0,0.25645578346176,0.0,0.0,0.74354421653824,0.0
3C3mydBzZmfzzIt5D5_kOA,China Rose Restaurant,Calgary,,51.050224,-113.99266000000001,chinese,2.0,1.8333333333333333,0.21858265830082121,0.39223765566811747,0.015243251728650287,0.100466963863368,0.1441727833654294,0.12929668707361364
3DXJ7lXJJKHPnydtX_1Mug,Fat Kee Noodle House,Calgary,,51.080094,-113.9973646,chinese,1.0,1.8333333333333333,0.15730522068825006,0.3857166836466482,0.010633995957649252,0.24489419436598658,0.058546867771537066,0.1429030375699288
3pTp_EDVffBFTUNKCOXjdw,New Dynasty Buffet Restaurant,Calgary,,51.047310467200006,-113.990063764,chinese,2.0,1.8,0.629719093206466,0.03298069783487053,0.03797550434356228,0.11053506800366955,0.003094238832035976,0.1856953977793955
43V5SUyC04za5ITSvRndog,Great Taste Chinese Restaurant,Calgary,,51.0510605,-114.061304,chinese,2.0,1.3333333333333333,0.20171247414185145,0.022998876976574257,0.029868226908084262,0.2979435218807444,0.2578724307576417,0.18960446933510391
4e_kgP5CBbWwZCYEbConPA,Oriental Phoenix Restaurant,Calgary,,51.0022435,-114.0639736,chinese,2.0,1.75,0.09371102945444987,0.313321227080515,0.0,0.11104328786779179,0.1808302005391028,0.3010942550581406
5-o1J6VpLHxxmP7yAtx8kw,Soluxe,Calgary,,51.0502214,-114.0627067,chinese,2.0,1.0,0.2887025057956901,0.04207395517341231,0.04659998529639788,0.3421824000832352,0.015387113725322726,0.2650540399259416
5kr-0TOY6n0GK-riRg_08A,August Moon,Calgary,,50.968875,-114.084553,chinese,2.0,2.0,0.08762744898736394,0.6323028216119562,0.02128157779802966,0.10184733111103282,0.08291238183555007,0.07402843865606734
5yhUr1Cv21bOL6ZkE5IdCQ,Ho Won Restaurant,Calgary,,51.0509282,-114.06172620000001,chinese,2.0,1.5714285714285714,0.11918263734860177,0.08655919776444176,0.09490236955147367,0.27975888514574576,0.07805219206750988,0.3415447181222272
60N3AE5ECo5lUp5tSuPvvw,Flamingo Palace Express,Calgary,,51.089136700000005,-114.11799369999999,chinese,2.0,1.5,0.7278399449534376,0.025627555053139392,0.15713760184339648,0.08939489815002652,0.0,0.0
6Bvu4_7hdQkwMC5SyQspEQ,Home Food Inn Peking Cuisine,Calgary,,51.0078118412,-114.067958745,chinese,2.0,2.25,0.2517807502617354,0.27765731349234396,0.01281836309293632,0.2559235615380774,0.07327173820374853,0.1285482734111585
6YRlDV4Em4Ms9CXRWoVo6g,Treasures of China,Calgary,,50.969646999999995,-114.06913999999999,chinese,2.0,1.4,0.3407588587091744,0.09988059049441124,0.053097944258528075,0.25845422636759424,0.09481512382079771,0.15299325634949437
6a27i3kNy5MCq73vEQTNOA,South Silk Road Chinese Restaurant,Calgary,,51.0595164,-114.09475309999999,chinese,2.0,2.75,0.35148483302082334,0.1697253248047089,0.05285689059937507,0.07283209998239008,0.178694375981931,0.1744064756107716
6pwUymtY59Rl_fJpjPB5CQ,Oriental Phoenix Restaurant,Calgary,,51.049392100000006,-114.07189469999999,chinese,,2.0,0.1178083624525514,0.0,0.0,0.7097779319479742,0.0,0.1724137055994743
7FAczuNhjGLk46wOuYSpyw,Hot 'n' Fast Chinese Kitchen,Calgary,,51.0154583,-114.17524209999999,chinese,1.0,2.0,0.15832288958151283,0.154725417246943,0.022863042827696613,0.569226410656605,0.01845034152254971,0.0764118981646928
8AiyGZAhV8eZApKQqyDFSw,Tang Restaurant,Calgary,,50.9824575,-114.04056270000001,chinese,2.0,2.5,0.23992531531209915,0.273593543206202,0.04664840874383348,0.10067505246810458,0.06742019640133858,0.27173748386842217
8RUrvxlOOLkGJYLgCXJ-ig,Vic's Hong Kong Style Café,Calgary,,51.050366734399994,-114.062853845,chinese,2.0,1.6666666666666667,0.3007862266803059,0.17395621301434483,0.12378822028523756,0.13603032183312522,0.05096933701181349,0.21446968117517293
8p4RcBhJfoh-z37AqWL8yw,Ming's Wok Xpress,Calgary,,51.070953100000004,-113.9433342,chinese,,1.0,0.3521724058007819,0.08928461994388318,0.07281693650231295,0.02356717490575313,0.3869409805902021,0.07521788225706662
8pBx1vlLXHv2aCiTUWz04w,Wonton King,Calgary,,50.9908604,-114.03989159999999,chinese,2.0,2.0,0.1382384349118562,0.6093985954471676,0.014680602453480497,0.11906154117891563,0.05073733210731953,0.06788349390126061
8pgV-nqHdmxUFLWD-SDssw,ABC Bakery & Cafe,Calgary,,51.050256899999994,-114.0619851,chinese,,2.5,0.1624148187123555,0.1478648624124133,0.03765907778235642,0.37915386309819454,0.0,0.2729073779946802
9-_7jOcLec5-p_gGz-OGCw,Magic Bowl,Calgary,,50.9422081,-114.0329675,chinese,2.0,1.5,0.172288898055723,0.07992976452162154,0.1802213993593359,0.4811511869028401,0.08640875116047952,0.0
90YgokSjFKqC97U4Wc8kWQ,Sunshine Garden Restaurant,Calgary,,51.01519570000001,-114.065324,chinese,,1.0,0.2531558221451776,0.3565701637190829,0.0,0.19787337709696654,0.14961828270751587,0.04278235433125701
98V9awMuHlGjmm5m8c3FXg,Fresh Taste Corner,Calgary,,51.0801353641,-114.02837408200001,chinese,,5.0,0.15568160841870568,0.0,0.09910946171895735,0.2635625843565402,0.0,0.4816463455057969
AEOTETRSzo5ubm4-Ud4PUg,Wok Box,Calgary,,51.038427358599996,-114.20740154299999,chinese,2.0,1.5,0.14117303683334084,0.3324039540399397,0.039399662631148864,0.36565239270751515,0.10527991705016661,0.01609103673788886
AWHNeK6i4SN8zpsfUrRXJA,Wing's Chinese House Take Out,Calgary,,51.1047737,-114.18802990000002,chinese,2.0,1.6666666666666667,0.18607502425953237,0.031721164196427294,0.023450840574824678,0.46436447180355356,0.06238152095985463,0.23200697820580748
AsgwKCJqyBqdiHdEBqeq3w,Singapore Sam's,Calgary,,51.0422965,-114.07322420000001,chinese,2.0,2.1666666666666665,0.5965438356684448,0.01742570408594891,0.014628698479849716,0.22645690173418678,0.026801439786552625,0.11814342024501708
C2vYzI-8W8_ud_4qRPIzpQ,Peking Express Douglas Restaurant,Calgary,,50.951046399999996,-114.0021548,chinese,2.0,2.0,0.2860500243813166,0.3189351687467992,0.012004393239345547,0.12878842333908627,0.22125160405556357,0.03297038623788865
Cl0MirLvlTgDI2TQJtC7pw,Little Sheep Mongolian Hot Pot,Calgary,,51.060643,-113.984678,chinese,2.0,2.25,0.052220795079465705,0.023129005562562116,0.04905176815649768,0.4453577155060038,0.004312446626514966,0.4259282690689557
D7unEXjWvYvxmZwwya8SrA,Guilin Restaurant,Calgary,,51.0500812,-114.06311059999999,chinese,,3.0,0.18141733485179268,0.5160722666487917,0.1288661548592901,0.09248356096419405,0.023001028169421955,0.05815965450650943
DMec_XDhbwMigLNnk9jJrQ,Jade China Inn,Calgary,,50.9155156,-113.96064679999999,chinese,2.0,1.0,0.7881769933359629,0.0,0.0,0.0,0.21182300666403708,0.0
DqSTQWhRU3WKdIN2b_Nzog,White Elephant Thai Cuisine,Calgary,,51.0688517,-114.01334750000001,chinese,2.0,2.75,0.32994644909624804,0.18529523161086744,0.033280552997354544,0.2329805867391983,0.02210347277797257,0.1963937067783591
DuDtRu-zffJgGjFUQkuk_Q,Bobby Chao's Chinese Cuisine & Dim Sum,Calgary,,51.118727,-114.15658,chinese,2.0,1.125,0.07157167595006032,0.17378033995232797,0.11632234190064202,0.16582739007136219,0.05850626589828021,0.41399198622732736
FSTTDlBYtKqaQLrf0mwTcg,Mr. Guo's Cafe,Calgary,,51.1256488461,-114.21127163,chinese,2.0,1.0,0.31675305259606235,0.02967294168305356,0.0551482030699333,0.3547492994847406,0.10553526447831212,0.13814123868789815
FUz63VABr3jGIuDtYjOpqA,A&P Chinese Food Express,Calgary,,51.0637672,-114.19451289999999,chinese,,5.0,0.01873659658337173,0.49127595677734165,0.18688262608211423,0.3031048205571724,0.0,0.0
FnRLbAYaQTYQEXHuUTmwMA,Hot Point Fusion Cafe,Calgary,,51.0146975,-114.0645,chinese,2.0,1.3571428571428572,0.15949575352704026,0.15399125092690324,0.027644663242983928,0.2910585358184307,0.02392272289425289,0.34388707359038895
G-0VVUUoNUKT3GrnjZnsaA,Silver Dragon Restaurant,Calgary,,51.050395,-114.062068,chinese,2.0,2.5384615384615383,0.1649025094390477,0.1055234141861384,0.26127480549944365,0.17559510808201612,0.04520499336134107,0.24749916943201303
GOE85NOtCc5zmqOrzVGLXg,Golden National,Calgary,,50.9163566113,-113.96068748100001,chinese,2.0,2.1666666666666665,0.09523797338923921,0.3336512216781129,0.01051018623863118,0.1427891701484961,0.40108226631272265,0.016729182232798123
GOUdhNxanANxxujCTLyCoQ,Sun's BBQ Restaurant,Calgary,,51.065025115299996,-114.062805176,chinese,2.0,2.1,0.13940406993245272,0.2147654190029434,0.03842424085465358,0.2024178070463798,0.03706984834924744,0.3679186148143231
GVnzZe_qGtfQWB8YtWTq1Q,Snow Palace,Calgary,,51.10383289999999,-114.1655845,chinese,2.0,3.0,0.23119824066847164,0.22118625371338058,0.09574243442137922,0.4518730711967685,0.0,0.0
H2NMmuys7fy5PcXW7lmKbw,Sushi Kai,Calgary,,51.05688189999999,-114.09496509999998,chinese,2.0,1.5,0.4230047968113157,0.20968064203599604,0.05411871278373248,0.3129915937025935,0.00020425466636230316,0.0
HBVzTJlmv1rD2SBL1OAOTg,Riverbend Peking House,Calgary,,50.9779302,-114.014243,chinese,2.0,1.0,0.4244575955061478,0.0,0.0,0.4246593393879587,0.031201666648831193,0.11968139845706222
HOEQwbJcy1E47Vz3vU8vQw,Calgary Court Restaurant,Calgary,,51.050978799999996,-114.06149409999999,chinese,2.0,3.2,0.005887621868402774,0.5469806415063243,0.062000184853382344,0.07737261373102035,0.061504622441401334,0.04625431559946886
H_fgMip_xa-VEily3ev7Rw,Lu Chai,Calgary,,51.10140429999999,-114.13997069999999,chinese,,2.0,0.18967315394047465,0.396068847377507,0.03837275868240641,0.34387050680785236,0.0,0.03201473319175968
I1AAcPjqCB6iD5aQcm6kjg,Golden Inn Restaurant,Calgary,,51.0509119,-114.062128,chinese,2.0,2.3333333333333335,0.38592370051387204,0.027322571397550968,0.01840436648128165,0.19755957049492442,0.024397666516777414,0.34639212459559365
I4Ya4liVt_60LUKDo2Xceg,Tai Pan,Calgary,,51.065741912,-114.061324932,chinese,2.0,3.5,0.5824023731160545,0.18121491450782584,0.0504278740726421,0.05176784309137174,0.078460588712634,0.055726406499471866
I9_Bf9CUGkCDtUDTCtP8Zw,Lucky Place Restaurant,Calgary,,51.050496833500006,-114.063311217,chinese,2.0,3.0,0.0,0.33175198832556746,0.25154920718944596,0.23901449786081921,0.17768430662416737,0.0
IDxwN1IomuRDN6n6FpsQzw,Pink Pearl Chinese Restaurant & Lounge,Calgary,,51.045599100000004,-114.0690246,chinese,2.0,2.0,0.5,0.17516579355871767,0.0037463739222135467,0.0,0.25396438563227547,0.06712344688679335
IO4m6ylnjaO25Ji9lbcAJg,Khublai Mongolian Szechuan Cuisine,Calgary,,51.0434471,-114.07083899999999,chinese,2.0,1.3333333333333333,0.12470256664613728,0.3078541708954708,0.052710492350633194,0.16344317836781005,0.06267038341854209,0.28861920832140664
Igz_MHdVL_lZK8moVdoZKw,Dragon Gate Restaurant,Calgary,,51.0243329,-114.10830370000001,chinese,2.0,1.0,0.17490902514692486,0.2851638288521667,0.015271457644248195,0.0939438840883213,0.4040017198436329,0.02671008442470617
IjcVZywzzzaTcjZyni7GWg,King's - On The Hill,Calgary,,51.0587454504,-114.054049158,chinese,2.0,3.25,0.12790508628833336,0.6119031887278393,0.06604482984281175,0.032769724586021516,0.03764370734860432,0.1237334632063897
JG_yW_DTE2F-sPtYiyO8zg,Szechuan Restaurant,Calgary,,51.0671398,-114.06848959999999,chinese,2.0,2.6,0.2586880886168874,0.1406562837342454,0.03220396256793475,0.32960774093880785,0.014182524878020186,0.2246613992641043
JSFhJN8VMPiDzur6yAclHw,Fai's Chinese Food,Calgary,,51.1270198,-114.0558875,chinese,2.0,1.0,0.19190084137610952,0.0,0.0,0.3831362324302403,0.39797413844606183,0.026988787747588307
K3Mdyib-ZFMPHGuk5_kBTA,Oriental Palace Restaurant,Calgary,,51.05795379999999,-114.1358567,chinese,2.0,1.5,0.174740578532536,0.1494656840493232,0.03400331365206995,0.4424385555580042,0.10405987666165563,0.09529199154641103
KgGxH5cGXwTMCn_hFgchtw,Panda Express,Calgary,,51.039219635100004,-113.90979880799999,chinese,2.0,1.6666666666666667,0.3115823031346428,0.19523091139032808,0.0164314797608265,0.38086632259240044,0.02200656772052483,0.07388241540127734
Kvg28BTZkHlzELath7BErg,Bamboo-House Chinese Food,Calgary,,51.081958799999995,-113.9405594,chinese,2.0,3.0,0.29348604738786405,0.1961597393523376,0.10795375686533132,0.38539364152930633,0.01009166099666986,0.006915153868490871
LEGrkbp-fpUxL67HHtzz9A,Mamak Dang Fusion Malaysian Cuisine,Calgary,,51.0938809,-114.0328307,chinese,2.0,2.0,0.23673264027890434,0.21726948350918499,0.10809322587178885,0.2607312711342216,0.12770200582334734,0.04947137338255298
Msw1bg7KGcZ87NEAoABIJg,Masala Bhavan,Calgary,,51.013011884099996,-114.140125765,chinese,2.0,2.0,0.21569619726153574,0.2963066087842578,0.03778956172013616,0.307234827064323,0.09085673296221568,0.052116072207531665
N6x7JkfDLqLoO4WUHetiEA,Shanghai Classic Restaurant,Calgary,,51.128220299999995,-114.0702364,chinese,2.0,1.0,0.0,0.24614468044313947,0.03935091188759803,0.3768280733425668,0.33767633432669575,0.0
ORAwDjwAsoTme4PsXyFXwg,Gold Bistro Chinese Restaurant,Calgary,,50.9129554,-114.0616125,chinese,2.0,1.0,0.3850112069514326,0.12826035998692076,0.0,0.13570069419755637,0.3441938431111427,0.0068338957529475355
OTdGkZNkUEgEBQrkHtOLOw,Pearl Fantasy Cafe,Calgary,,51.0478266,-114.0867235,chinese,2.0,1.0,0.464650096111922,0.015204093887550962,0.02849581444010747,0.33114157675280076,0.0,0.16050841880761885
P1kIuo1LwWZDgFIJY_Dlhw,Happy Valley,Calgary,,51.0502763,-114.0625961,chinese,,2.0,0.41596049744533375,0.12212364943091293,0.01761351326122076,0.25212115245718353,0.047532875461972955,0.14464831194337616
PS_oMKhGfArgOwwiG7uzHg,Tianjin Chinese Restaurant,Calgary,,51.0670863903,-114.058323269,chinese,2.0,3.0,0.24602349741336382,0.47495942669103064,0.009909629215820047,0.1466214685851593,0.04355083453038261,0.07893514356424358
Pe_Bq9cWiLD1L0BEBtrsNw,Ginger Beef Express,Calgary,,51.0387022,-114.09496429999999,chinese,2.0,2.0,0.08023322148508152,0.0786350911444756,0.0065089026256816155,0.4020152369582175,0.40631840192977436,0.026289145856769395
QGE9ZsMb7QLMsBf2OvfVMw,Dragon Chinese Restaurant,Calgary,,51.048432899999995,-114.062013,chinese,2.0,2.7142857142857144,0.0006088134384283726,0.14668813583152346,0.5361281308021417,0.1288164566008226,0.06424195828277858,0.1235165050443052
Q_z6fepyiviMrqxBQn6E4w,Peking Garden,Calgary,,51.09272937,-114.153895715,chinese,2.0,1.5333333333333334,0.43040672439518163,0.11507148321159145,0.08360750692097088,0.19214847870614246,0.05702625856409398,0.12173954820201963
QiRWdm4GkmtEMO_npOyBjA,Hong Kong Garden Restaurant,Calgary,,50.905755,-114.0649837,chinese,2.0,2.0,0.19647632472600812,0.04636468183395452,0.05827822338933885,0.08887458081314746,0.0,0.6100061892375509
R-3epjnJCMscJdJwkkq44Q,Buddha's Veggie Restaurant,Calgary,,51.002388399999994,-114.0713189,chinese,2.0,2.1666666666666665,0.0786988659110837,0.13790998983286393,0.15400365514982847,0.2260721885407184,0.2783289505390811,0.12498635002642439
RJdmNA9oQyGIaLbuHOIxLg,Wok Fo-U,Calgary,,51.0718473,-113.99858629999999,chinese,1.0,2.3333333333333335,0.21317225928773256,0.31569011540471764,0.0,0.4398234943280712,0.012838751968929986,0.018475379010548545
RKY-_BLjoGYI7RZhRU4SIA,Golden Gate Restaurant,Calgary,,50.9697665,-114.0479226,chinese,2.0,1.3333333333333333,0.06771386169613498,0.0993508387247235,0.0067349043734409204,0.604055421747794,0.2221449734579066,0.0
R_-cZVHTMDV4Zn2sMa2ZAg,Dragon Garden Restaurant,Calgary,,51.1509197,-114.05037800000001,chinese,2.0,1.5,0.5507218071211399,0.11354731158564874,0.0246485838241827,0.19286966886467458,0.11821262860435414,0.0
Rsvjo8H6AjqylNRX_6ZcZg,John Wong's Chinese Restaurant,Calgary,,50.9788953542,-114.08387131399999,chinese,1.0,2.0,0.11578318601521673,0.2030794215682865,0.005016814081506692,0.4838196607686818,0.05191490323744088,0.1403860143288674
RwZxc7vqYGOj99K1CYildQ,Ginger Beef Bistro House,Calgary,,51.1550921267,-114.06787864799999,chinese,2.0,2.1666666666666665,0.09987145732009663,0.06725973725697869,0.007245416357571847,0.33055685441138466,0.3422172231548822,0.1528493114990859
S-IEFGXse5vvnD9GBhasVA,The Cherry Inn,Calgary,,51.1122654,-114.05620459999999,chinese,2.0,4.0,0.06548805782669766,0.7712156197741151,0.0,0.1334673314066728,0.029828990992514386,0.0
S0EpgFjgPtuEI2YgJhrXnw,Chili Garden,Calgary,,50.8757485536,-114.037786329,chinese,2.0,1.0,0.1738449502351649,0.5051286248201481,0.031125360258675596,0.11659751285485398,0.14016478239976107,0.03313876943139638
SCoH7sKTSwIhREUPBu7BkA,Forbidden City Dim Sum & Seafood Restaurant,Calgary,,51.06090560689999,-113.984219153,chinese,2.0,2.0,0.11323146374192831,0.01100166017758617,0.37485943867989907,0.14883891709521668,0.024198233509858166,0.32787028679551156
SkX-aQm96aEkLCTJdAyXMw,Peking House 98,Calgary,,51.0877765246,-114.07202723799999,chinese,2.0,2.5,0.03900470385952826,0.34732208471094106,0.0,0.32903997942807356,0.27275107061762016,0.011882161383836923
TdmFg-MSbwnpwRJxFyfgDw,Emerald Garden Restaurant,Calgary,,51.067231,-114.08339699999999,chinese,2.0,2.0,0.0,0.8906853739126391,0.0,0.0,0.0,0.10931462608736091
TkhIfiqCF9KPXG_GMROXmg,Pang Pang Chinese Food,Calgary,,50.930834999999995,-114.02594769999999,chinese,2.0,1.2,0.17213726032114712,0.3427586333847524,0.025327437599877343,0.18068478504968125,0.0886873745781395,0.19040450906640236
UglIW3RciYxD701IaiDn8A,Toi Shan Restaurant,Calgary,,51.045394,-114.14284599999999,chinese,2.0,1.0,0.1770598158194075,0.11031802409330872,0.008143542900597581,0.48891992541395257,0.08257359664470185,0.13298509512803172
VPcFNI-6HICR5SJM--KjNA,Bill’s Peking House,Calgary,,50.93097050229999,-114.063760942,chinese,2.0,1.5,0.048065926310474946,0.2170736299809534,0.006632909084336003,0.4213049217440828,0.19489430971486166,0.11202830316529122
V_5fPcCt5Kjno81FS1DrXQ,Panda Express,Calgary,,50.9329567637,-113.967708139,chinese,2.0,2.6666666666666665,0.18741648423016796,0.34912875873936206,0.012703426332141539,0.36480113097641037,0.004585162490020676,0.08136503723189742
Vs_SBEmz2dBBCrTmAR89bA,Bonavista Peking House,Calgary,,50.9424531,-114.047124,chinese,2.0,1.5,0.048654006282331436,0.3036506000303719,0.017477206747083085,0.25716529850822134,0.10624788170701958,0.26680500672497265
VtDEh7GakYMBHNAw_PVjZg,King's Chinese Food,Calgary,,51.0379979,-114.08620890000002,chinese,2.0,1.5,0.3715634263853732,0.2909732141398792,0.04095654022818546,0.08658598112593317,0.10737832482809002,0.10254251329253894
Vx2LafDELzYIZBtHVwAjnQ,Tang Dynasty Restaurant,Calgary,,51.050256899999994,-114.0619851,chinese,2.0,4.5,0.05512021249192826,0.34062764669608714,0.0,0.48785171970649366,0.008700084045503532,0.10770033705998737
XBQtsSbiMhaA34UQ2Z1ndg,White Oak Restaurant,Calgary,,51.0502105,-114.0607032,chinese,1.0,4.0,0.7269576210756122,0.13577146969659767,0.019865958715525538,0.0,0.1174049505122646,0.0
XCRTEQ5-4hBXd060Q2eKHQ,Tai Pan,Calgary,,50.966889,-114.07289899999999,chinese,2.0,1.5,0.6264187841924862,0.045017054195981544,0.0,0.0,0.0882286871486979,0.24033547446283443
XImlOaB7nJH7kxG_4hGJ1Q,Papa Shunde Chinese Restaurant,Calgary,,51.135477,-114.173506,chinese,2.0,1.0,0.11102574989096746,0.0400521438888964,0.0,0.26424856668646773,0.3824329568133638,0.20224058272030454
XMuNYC3WbYyBJyzFcn0qpw,Empress Palace Restaurant,Calgary,,51.152232399999995,-114.21080249999999,chinese,2.0,1.5,0.19067091060455377,0.06887426730211543,0.20036295673624765,0.08003813057372755,0.08733986804171967,0.372713866741636
XxmFwrJk1DljL7sLXS1zrQ,1 Pot,Calgary,,51.0501753,-114.0603597,chinese,3.0,1.5,0.1276758551964595,0.08779932924599954,0.03536850450771168,0.310392950750418,0.019214391991224756,0.41954896830818655
YOEg4rm4-ZZYHTvvh6mWZA,Asian Grill - BBQ & Chinese,Calgary,,51.0638197,-113.9577159,chinese,,1.0,0.060778129399461256,0.9150560434796324,0.0,0.0,0.0,0.024165827120906248
YTMYCiBb_-sykowc05d3ug,Snow Palace,Calgary,,51.1258943374,-114.210850105,chinese,2.0,1.5,0.02032280817045676,0.07169594025855507,0.2575280201291853,0.17665184668316056,0.3964887675153867,0.07731261724325557
_MbwP_b3c5ZOCvCRArsyqw,Leo Fu's Szechwan & Mandarin Restaurant,Calgary,,50.9902294,-114.0734142,chinese,2.0,1.0,0.23364375038265708,0.37745123001374586,0.00047877321161435304,0.013696601007571542,0.2457002073568988,0.1290294380275123
_iJyH_Nf9E-Pso9yZhc2Mg,Happy Veggie House,Calgary,,51.0502225,-114.0627436,chinese,1.0,4.0,0.0,0.3483877054261658,0.06628983393395634,0.5314225961996346,0.053899864440243306,0.0
_oL8XX8dusHBNYQyDhF4fA,Sun Island Eatery,Calgary,,50.9059471,-114.048244,chinese,2.0,4.5,0.07999208824369308,0.05225155988403666,0.0,0.8647033643273241,0.0030529875449461725,0.0
aszT-DYgQOtn8GVLsF2KVw,Mi Noodles,Calgary,,51.0604682,-114.06224329999999,chinese,2.0,3.5,0.009961627904997213,0.17821648187606054,0.0057404699596656835,0.20747883372968043,0.27003109363836086,0.07857149289123523
bJQsVvEdi810vdpQsq3IXQ,Chinese Village Oriental & Western,Calgary,,51.048148299999994,-114.0759872,chinese,2.0,2.3333333333333335,0.20387455636516724,0.10974236665349978,0.016106727296945546,0.15786100860766325,0.17309669577376688,0.33931864530295736
bXiifZStiaS-4xO2fRsNXg,Happy Hill,Calgary,,51.0591572,-114.0625396,chinese,2.0,1.0,0.10964499009791044,0.010619024350087127,0.21129088526718712,0.32474864698896394,0.005645354536200967,0.33805109875965034
bsqHkqXLGyjZNM6xFl3xlQ,Brother's Taste of Asia,Calgary,,50.9057775,-114.11232209999999,chinese,2.0,1.8333333333333333,0.29446318336532695,0.017520163333733244,0.07726783736076602,0.21531551700604604,0.006454693523139388,0.38897860541098833
cEqOh78v1g1RCWHyuHwQng,Buffet Yangtze,Calgary,,51.1085655575,-114.040081141,chinese,2.0,1.5714285714285714,0.35306962567141287,0.06281084370121606,0.17877514098181874,0.2505580533629892,0.040483508263821966,0.11430282801874118
cMa1MN9b6nhWPzX5V6nWZA,Manchu Wok,Calgary,,51.1304402,-114.0074751,chinese,,1.0,0.06558115635907044,0.2689712516846764,0.0,0.0,0.6545002156030811,0.010947376353172127
cNWxGkoyNssl17kY9-gAEw,Mighty Mango Restaurant,Calgary,,50.9148736,-114.0669643,chinese,2.0,3.0,0.0,0.0,0.08162893880874426,0.33845351299801624,0.5650639803103447,0.014853567882894849
cxe6D9wp3NvQ39Eu9-hZpA,Noodlebox,Calgary,,50.9879069351,-114.04564533899999,chinese,2.0,3.0,0.33257500695232156,0.5306913058504216,0.0700944251584263,0.06663926203883042,0.0,0.0
dAuVvMj_jJ29-eY4sZ85Eg,Wonton King,Calgary,,51.08321289999999,-114.0296567,chinese,1.0,2.0,0.3295419074716249,0.6664796171818245,0.0039784753465506514,0.0,0.0,0.0
dL3gqcsFrhtN2uvrDupl5A,Dumpling Lab,Calgary,,51.0500812,-114.06311059999999,chinese,2.0,1.8571428571428572,0.2126865454812357,0.26091789868492127,0.07569361332111309,0.30443888338132546,0.09881571882234381,0.04744734030906077
dmLrl_Fia4XAZ_ZP82qt3g,East Gate Restaurant & Lounge,Calgary,,51.038140999999996,-113.97106299999999,chinese,3.0,1.0,0.3767618708810832,0.22680863734497692,0.0,0.09026808467896143,0.3061614070949786,0.0
dsVHp2o1mU6BT7sHJkViOA,New Dynasty Restaurant,Calgary,,51.1280005539,-114.196112307,chinese,2.0,2.25,0.43135775224207196,0.1699778922637221,0.00434124159973458,0.13447279098849346,0.06805945089460469,0.19179087201137315
eNynYZJtl5d6fyoNNKJ4Aw,Ambrosia Veggie House,Calgary,,51.0498875554,-114.084400947,chinese,2.0,2.0,0.010560685684930843,0.26741303234786146,0.14050462483163714,0.4973403050087366,0.08418135212683389,0.0
eXZ-MdzsFVetZ6ug7Pvz4A,Ginger Beef Express,Calgary,,51.098155,-113.956251,chinese,2.0,1.0,0.10097417127489237,0.35665915414955096,0.00703215205001918,0.39104831008195234,0.09579071295548004,0.04849549948810505
eYMYSZBmEeY4yCS2AuBXPg,Phoenix Kitchen + Lounge,Calgary,,51.1158376159,-114.20469345,chinese,2.0,3.0,0.7955189656438506,0.13227082694469394,0.07221020741145547,0.0,0.0,0.0
e_EMySqP0uwlVZfd8mRaaQ,Pearl Garden,Calgary,,51.0811622,-113.99347379999999,chinese,1.0,1.0,0.38587069454019923,0.0,0.4052253041435806,0.024717746950406964,0.0420551728761945,0.14213108148961864
fUB4fQ7_wS1R53Mugjs_mg,Ginger Beef Express,Calgary,,51.1348304749,-114.10786438,chinese,,5.0,0.0,0.0,0.0,0.9953679512202084,0.004632048779791677,0.0
g3xMtORcictsJjWXVC2QPQ,Hi-Ball Restaurant,Calgary,,51.06983029999999,-114.13086729999999,chinese,2.0,2.0,0.19688515616763136,0.31247991101314854,0.0887783192585504,0.1500547653432653,0.11866475017919878,0.13313709803820561
g5agBkB1d4YAK3rotmz2pQ,Urban Rice,Calgary,,51.0504766,-114.0631932,chinese,2.0,2.5,0.1676574288457004,0.19850732467233448,0.5641044853800229,0.0439121717291648,0.0,0.025818589372777423
gD5lNqqaXK8HC1SpA04AAw,Spicy Hut,Calgary,,51.051407299999994,-114.0516808,chinese,2.0,3.0,0.10775998476294447,0.0,0.0,0.0,0.8888664147415284,0.003373600495527188
gRbbXVCy6P4C7qqJNJH9eA,Ginger Beef Peking House,Calgary,,50.9693530747,-114.072390223,chinese,2.0,2.2857142857142856,0.2327777873453922,0.23124358962256236,0.004992073656938445,0.10196113627016197,0.26283471036450584,0.16619070274043926
gbe0-e6q7zQWzbVMeJst8A,Chong Fat Food,Calgary,,51.0503701,-114.06094350000001,chinese,1.0,5.0,0.0,0.4801340300474774,0.02133117209067409,0.17596903822018622,0.31756608049815155,0.004999679143510757
ge7hMHBENM8AFVf-bBmIQg,Ginger Beef Peking House,Calgary,,51.086581,-114.12913799999998,chinese,2.0,1.3333333333333333,0.13024439420602849,0.184222873173461,0.03555756403513035,0.23980124808443923,0.12184797535872238,0.2883259451422185
gvAb7XSRcfFDF0CraqEnQw,Golden Leaf,Calgary,,51.0126755,-114.1416716,chinese,2.0,2.0,0.4852094524959008,0.0,0.26383980740049723,0.0387960925422098,0.21215464756139235,0.0
hKf6pKpz4VaJ3IOP9zusSQ,Spoonful Chinese & Thai Cuisine,Calgary,,51.0860468,-114.180016,chinese,2.0,1.0,0.2433332927488443,0.0,0.00598001855965157,0.6754954041842989,0.0009646875244773767,0.07422659698272786
hTxDm4gsHh01G4KFyQmhxQ,Grand Pearl Restaurant,Calgary,,51.1111277,-114.05383870000001,chinese,2.0,1.625,0.08291718571062759,0.1889562085889741,0.07707734434916806,0.060976892464238736,0.11631809982461319,0.47375426906237833
hoqATvA27yjAllYMlprr3w,Hot Wok Cafe,Calgary,,51.030775,-114.152996,chinese,,3.0,0.038898360150671496,0.37024467018873247,0.13079515671891914,0.4143180599113808,0.008398519041058684,0.03734523398923739
i5Y5KynFw1r_JkwHSxluIg,Signature Palace Restaurant,Calgary,,51.0357597,-114.16617959999999,chinese,2.0,1.0,0.0695185980166948,0.0,0.0,0.9304814019833052,0.0,0.0
iAO50G98koWj0dflTzbs2g,Imperial Dynasty Restaurant,Calgary,,51.155426758999994,-114.053139406,chinese,2.0,1.0,0.5702538309790185,0.001597809323258333,0.0,0.20571227000599532,0.16596795442352466,0.05646813526820321
iVGeWvofA_e3G0A2Qomwhg,Kung Fu Restaurant,Calgary,,50.9303572,-113.9718189,chinese,2.0,2.75,0.09932964298237723,0.06491972319857428,0.013964872171534623,0.47977149209395087,0.2749222730365719,0.0670919965169911
iVjeR9z1xVt2ZpxVU4UcXQ,Taketomi Village Hakka & Chinese Cuisine,Calgary,,51.061606,-113.98080630000001,chinese,2.0,1.25,0.21746780037600158,0.14341423582596743,0.01516871522833488,0.2582851990117988,0.08452964179416128,0.281134407763736
jMEGdDfVSSubmFZhFnUfrg,Regency Palace,Calgary,,51.049625899999995,-114.062242,chinese,2.0,1.2857142857142858,0.38483255587414383,0.04499196901174291,0.04236054621562894,0.22478263161780937,0.0159696684172446,0.28706262886343037
jR-UdyU7cTNxUqMdlTdsiw,Peking Dragon Restaurant,Calgary,,51.0375541,-114.0747367,chinese,,1.6666666666666667,0.058239932348028996,0.20552348096668552,0.0,0.3566846555914696,0.33608157383498044,0.043470357258835475
jWsFor_4Uj0_JTbjohpktA,Chuen May Food Products,Calgary,,51.0501125,-114.06023909999999,chinese,1.0,1.0,0.1787386197754006,0.015276835939002182,0.18096279038515822,0.006438916547903972,0.0,0.6185828373525349
jg37O7ANF7hqggS6bxUpcQ,Pho Thanh Vietnamese Noodle House & Restaurant,Calgary,,51.111540399999996,-114.05589579999999,chinese,1.0,3.0,0.337006377963755,0.3049493364573942,0.02629200863730956,0.05529162518289012,0.06780077708283937,0.2086598746758117
kXRTFpDLpNUoWDe96kGSVw,Ginger Beef Express,Calgary,,50.8802869,-113.9781836,chinese,2.0,1.6666666666666667,0.1366866673322396,0.24238059021973477,0.08698588570428684,0.19369691131621392,0.24064459605194422,0.09960534937558058
l-2xwlocbVNu7S6NByVMMg,Eastern Treasures,Calgary,,51.081135587,-113.99346181799999,chinese,2.0,1.375,0.20467288980425882,0.07249227522144133,0.15355134973545428,0.18535634913916352,0.01586562232604413,0.3680615137736379
l1DtLtgI2hlGNMBSkk5sXg,Shanghai Palace Restaurant,Calgary,,51.1382074284,-114.157476374,chinese,2.0,1.3333333333333333,0.17655188559911636,0.4706693573156287,0.0,0.02425535508222278,0.17129826821285155,0.15722513379018058
lqoKaEt1VaaH0sYtF1FjCQ,The Ruby Queen,Calgary,,51.08584929999999,-113.9573545,chinese,2.0,1.0,0.0,0.13763728069469802,0.0,0.1804850335474833,0.026542969023982035,0.6553347167338365
m7a1SG9yXes6Ir_ULzjWKA,Wok Box,Calgary,,51.0379609,-114.07893840000001,chinese,2.0,1.0,0.15055756172031964,0.15401250319918416,0.1085241701037496,0.1593088702198769,0.2914365054082902,0.13616038934857946
mkQ31BFYV8ri7znJpHd7Ww,T.Pot China Bistro,Calgary,,51.141556960100004,-114.069516344,chinese,2.0,2.1363636363636362,0.11263284240228938,0.06966290197776966,0.23756111760400583,0.25075017902960983,0.05146201538319936,0.2779309436031259
mr-w96_vgHpfLmQtfFkkXw,Oriental Phoenix Restaurant,Calgary,,51.044438799999995,-114.0698895,chinese,2.0,1.0,0.07071287971760021,0.0,0.039456764133788555,0.6107405750378878,0.0011794612631327727,0.2779103198475906
nDTNgSf1IZKz-qHXySxG1w,Kung Fu Restaurant,Calgary,,50.8793146,-114.07299340000002,chinese,3.0,2.0,0.023220391380490427,0.10405177202980664,0.02688263912869471,0.5937763594961499,0.041029134797836556,0.21103970316702178
nG0OoboGrModOpvmxL93lA,Feng Kee BBQ House,Calgary,,51.142924799999996,-114.0712476,chinese,1.0,1.0,0.48189316990321135,0.17723560908014907,0.04015044673984078,0.3007207742767989,0.0,0.0
neNQJHi50U4z8N-XUgRNnA,China Palace Restaurant,Calgary,,51.107697200000004,-114.0638537,chinese,2.0,5.0,0.4511698053559489,0.2263211444317767,0.1263228582691909,0.1326185259789869,0.0027350282589306057,0.06083263770516588
o9VNxVLvlaY3qK5IXue31g,Red House Family Restaurant,Calgary,,51.0595164,-114.09475309999999,chinese,2.0,1.0,0.13550791966288805,0.05354454890889875,0.04770508179506943,0.054393000900127074,0.5801525897258535,0.12869685900716318
pS_AReTDAwTc6YebrCdi1Q,Lido Cafe,Calgary,,51.0535877,-114.08559890000001,chinese,1.0,4.0,0.8801520040056342,0.0,0.06468579769738629,0.0,0.0,0.05516219829697958
qG0W_SEJElhnfvv29Zac_w,Pebble Street Restaurant,Calgary,,51.0613204,-113.98469899999999,chinese,2.0,1.75,0.16422350402317012,0.12452449955396339,0.04172678320558513,0.3233562960958824,0.006360187943366789,0.3398087291780322
qJd19Ub5E5oPLEB42N1a-g,Little City Chinese Food,Calgary,,51.0817994,-114.06139420000001,chinese,,1.5,0.06079460463643013,0.22316810144745042,0.06736129880338353,0.4252122200129835,0.12923112346090518,0.09423265163884724
r4MUq8ugq7-BL0R_G9onfg,Golden Central,Calgary,,51.0964407,-114.06060649999999,chinese,2.0,1.75,0.11770177806856291,0.11838995584917683,0.20569173252447986,0.25495047157489564,0.010056892921464302,0.2932091690614205
r686UypLrXp4R8fZ71txDg,Chinese Cultural Centre Cuisine,Calgary,,51.051305799999994,-114.06550530000001,chinese,2.0,3.0,0.18254604799663607,0.5712615918877352,0.0419102205945934,0.04726292994277497,0.11901411217539225,0.038005097402868136
r6OIhP8WYalY2OGYDZL6Lw,Emerald Palace Restaurant,Calgary,,51.098620700000005,-113.9622017,chinese,2.0,3.0,0.26135445554973546,0.4146367276186322,0.05668132235734117,0.0913125005039392,0.07102006307079621,0.10499493089955568
rO9X1ge-xQZInuy5HYIOIA,Two Penny,Calgary,,51.040940899999995,-114.066177,chinese,3.0,2.0,0.1081617143950199,0.3343012500684219,0.058407395422658076,0.24808575880218564,0.13234375208898158,0.11870012922273293
rZfx5LVnSBeLtlXqhLhrCQ,Chili Island Chinese & Thai,Calgary,,50.932293,-113.970863,chinese,2.0,1.375,0.3053531417582271,0.16011096382691076,0.016495210068225633,0.21365557041121833,0.09128566599017454,0.21309944794524371
rwIX_RFBEPOjMRyA32d2Ew,Bluefin Sushi,Calgary,,50.9656607,-114.074168,chinese,2.0,1.7,0.3201223951865602,0.0802541221258883,0.04189257717181307,0.36041417077380994,0.04364306068029058,0.1536736740616379
sdMISc22hQ2hiq40qRzt1w,Edgemont City Asian Cusine,Calgary,,51.1269347,-114.13932849999999,chinese,2.0,1.0,0.31374441523505614,0.016458006696857798,0.0032131775154922836,0.4055210609889362,0.0055527170746124425,0.25551062248904516
son5zqSkWAZrZNGmhuPAZw,Dragon Gate 2,Calgary,,51.0378497,-113.9709551,chinese,,2.0,0.4924454110984828,0.3521061342739955,0.0,0.0,0.03669386609259391,0.11875458853492794
t_rnyBYcjuCa5m-HWU0ZwQ,Dragon Pearl Restaurant,Calgary,,51.04142061899999,-114.035322004,chinese,2.0,2.25,0.14532456301993338,0.2944217105038226,0.08378551506405416,0.24592703672054897,0.20862475111953613,0.021916423572104785
tp0C47QmLKPcZg3PP6mdbw,Golden Moon,Calgary,,51.0417551871,-114.09508078299999,chinese,,2.5,0.0,0.18703905159398163,0.01768515561177341,0.11448017946350326,0.6807956133307417,0.0
u5O8CdzmX0wldraq7zFzwA,Cafe100% Devoted,Calgary,,51.142501583199994,-114.07171221899999,chinese,,2.0,0.040063019174835464,0.0,0.0,0.5784988977195838,0.0,0.38143808310558075
umN-Nj23wd1-kH7hkAneFg,Auntie's Chinese Burger,Calgary,,51.0503479,-114.06081100000002,chinese,1.0,1.0,0.20190460350653783,0.3539730224847663,0.036496571050597094,0.0,0.030215140853563548,0.3774106621045351
vflFNEBMH1GSSjvZx3ItdA,U & Me Restaurant,Calgary,,51.0506432,-114.06292340000002,chinese,2.0,1.8333333333333333,0.20482367083657613,0.035617399965362416,0.1802877321133389,0.17168707378044176,0.07665455660305236,0.3309295667012285
vnVteOrD56j6D6wA5Qi2dg,Han's Restaurant,Calgary,,51.0500812,-114.06311059999999,chinese,2.0,4.333333333333333,0.27472438161823215,0.0017787907045717635,0.1902068555428429,0.19588572324155998,0.0,0.004070915559459878
vxaFYMI3xdrdsFCaJI-Zcg,King's Restaurant - On Barlow,Calgary,,51.0526332,-114.0008878,chinese,2.0,2.2,0.1861419929807017,0.5099689697906934,0.060719261542237876,0.17178353279165823,0.02998118275088098,0.041405060143827874
vyqyHNf0CkYgmEhfrTPcog,Fortune One Chinese Restaurant,Calgary,,51.086242600000006,-113.96203329999999,chinese,,1.0,0.022025496924592495,0.666522679475131,0.0,0.0,0.2361611137641995,0.07529070983607701
w57jrfwJyRBzqZq0Sf5zxQ,Bubblemania Cafe,Calgary,,51.066584000000006,-114.05385600000001,chinese,2.0,2.2,0.346074430111836,0.22941061821410674,0.009952224068145107,0.27606334640085434,0.0012974335721413486,0.13720194763291652
wY4CE59lES6SHsaF1RYDBg,Kam Han Szechuan House North,Calgary,,51.0323638,-114.04583020000001,chinese,2.0,1.75,0.2277290725703176,0.13878391422896474,0.004224637769043218,0.24361134109575808,0.2546561483410982,0.13099488599481815
wgAPiE2YllXAYOHPWPGc_w,Kam Han,Calgary,,50.941474299999996,-114.0687253,chinese,2.0,3.0,0.36559989347481375,0.0617750901933943,0.2062079431323257,0.0,0.15682791194859436,0.20958916125087182
wwI9KGu-g9UZsQAqeU7irw,Wonton King,Calgary,,50.990590000000005,-113.957673,chinese,2.0,1.0,0.2436063168812004,0.6079328081833946,0.001802773882273318,0.03895033713138426,0.07041959775920284,0.03728816616254456
xRugkNACWUoL9RFDkW1v9g,5spice Noodle Garden,Calgary,,50.983478327200004,-114.014825781,chinese,2.0,1.0,0.7366271947728271,0.0,0.0,0.0,0.0,0.26337280522717293
xU3ugCpRuwwI68NRAlKqfg,Petite Cuisine,Calgary,,50.995151,-114.07426399999999,chinese,1.0,1.0,0.03262448347139286,0.0,0.0,0.0,0.6737530376554356,0.29362247887317156
ywHZ6FiU4ZuXOh2cnc_idg,Dragon Palace Restaurant,Calgary,,50.9795984,-113.99735840000001,chinese,,1.0,0.3617696860267289,0.006008777300643717,0.0,0.39927946798930564,0.020289826234322413,0.21265224244899944
zLNUZ0xCgf4xaMpIB8J3BQ,Pine Lake Restaurant,Calgary,,51.048572899999996,-114.06181550000001,chinese,,1.0,0.3022972829269644,0.0,0.6755415987096676,0.007413943135905829,0.0,0.014747175227462302
zi1a03avfAZO43vwX1gNkg,Long's Chinese Food,Calgary,,51.0378441,-114.0957488,chinese,2.0,3.5,0.04582985958192475,0.28730102471695074,0.09336944901788469,0.34954431098488314,0.12073145402614804,0.10322390167220873
