business_id,name,city,neighborhood,latitude,longitude,cuisine,RestaurantsPriceRange2,stars,Beer/Bar,Customer Service,Burger/Fries/Veggie,Chicken/Salad/Wings,Waiting Time,Breakfast/Brunch/Eggs
-TSAXAz0CeNv73OAh9wu2A,Vagabond Brewery and Restaurant,Calgary,,51.0412573123,-114.05370281100001,american,2.0,2.7142857142857144,0.2019482834287853,0.2516187114856957,0.07009797752337918,0.057102440777806275,0.3476157510024373,0.07161683578189637
-W32WHlviv5JAmrYBXEF7A,Atlantic Trap & Gill Pub,Calgary,,50.9937557,-114.0714264,american,2.0,3.8,0.4725373870595641,0.10636107659742608,0.0549899514312403,0.052959319805789135,0.30306196771556193,0.010090297390418309
-ccmPDvaDFx5TbdKB1rgCA,Original Joe's,Calgary,,50.90352,-114.0585244,american,2.0,3.6666666666666665,0.4939480240705738,0.07157423507229499,0.10021143702068253,0.08442308880170431,0.2498432150347442,0.0
-dWbB9wKYsH-HESAANWajw,Bottlescrew Bill's Pub / Buzzards Restaurant & Bar,Calgary,,51.0436825,-114.0650951,american,2.0,3.8333333333333335,0.2177549254169593,0.20563720451750345,0.07143265816936469,0.09207651901956664,0.32768715313953706,0.08541153973706876
-hBRP99YCr_8Xb8WG5YQmg,Moxie's Grill & Bar,Calgary,,51.0472918,-114.0808518,american,2.0,3.7857142857142856,0.28884495218387,0.2044058393228982,0.08363409021603417,0.06242035597822261,0.23236449244157026,0.1283302698574047
0X8G5_wbBtzwUlxonHdplA,Denny's,Calgary,,51.067934,-114.012796,american,2.0,4.083333333333333,0.23801219571336085,0.2372818603347965,0.06030996509429998,0.07415898955028306,0.3598743234802937,0.030362665826965868
0X8MLdXMghaBkGFTMolZcw,Moxie's Grill & Bar,Calgary,,50.9057756,-114.0669213,american,2.0,3.875,0.1586528674085469,0.3005768373065666,0.0991788642451801,0.011717637870793695,0.3169651084787621,0.1129086846901506
0ZVtPnEq69epPqao-RwWug,Montana's Restaurant,Calgary,,51.13058296649999,-114.009733313,american,2.0,2.833333333333333,0.14895968064712134,0.18233173370615074,0.04942072844043918,0.13028190875126033,0.3275672524683851,0.16143869598664334
0jVLEi0Y5hfwApkpD25r6A,Big T's Bbq and Smokehouse,Calgary,,50.9309509724,-114.026833308,american,2.0,4.28125,0.1926532228932198,0.30534292835077503,0.04673153797100545,0.08640967870386605,0.2634015833241072,0.1054610487570267
1-mycIcKFGbvqLE60XrwnQ,Chili's,Calgary,,51.130466,-114.010191,american,2.0,3.0,0.21420257954141506,0.23543632607156775,0.0499628916789208,0.14590530817078168,0.2608517661310288,0.09364112840628587
1D-5uvzEiTljiq69uSjWHg,Denny's,Calgary,,51.0968723675,-114.054535567,american,2.0,4.333333333333333,0.14440421438110207,0.3297128197702995,0.06426926198186891,0.04956417517058217,0.35864228469818843,0.05340724399795887
1bRozVurn_mL11YGsitNMw,Swiss Chalet Rotisserie & Grill,Calgary,,51.1553574384,-114.060465701,american,2.0,3.4285714285714284,0.36517436393605934,0.1971703358717201,0.07735218747005132,0.0917702760142054,0.2191643606395102,0.049368476068453626
2HV17nynbxzNisVwwoU6gw,Velvet At the Grand,Calgary,,51.047152200000006,-114.065167,american,3.0,3.0,0.2251721825726869,0.04148780726089785,0.017870061094814003,0.0271722249041166,0.37625898950825176,0.31203873465923304
2LbDtx0AiftnlwrNk84S6A,Blackfoot Truck Stop Restaurant,Calgary,,51.0358856,-114.0200702,american,2.0,3.9444444444444446,0.20573784830156772,0.2478684464761616,0.08667616116195934,0.11088203150660912,0.2516940679621523,0.09714144459154987
2M3tt_0FfsDiy-DDWIH4dg,Top Brass Restaurant & Cocktail Lounge,Calgary,,51.08047929999999,-114.0173933,american,1.0,4.0,0.13997726663892626,0.052634364228618134,0.11529215480262625,0.05326597675886583,0.5569002868359186,0.08192995073504494
2M3tt_0FfsDiy-DDWIH4dg,Top Brass Restaurant & Cocktail Lounge,Calgary,,51.08047929999999,-114.0173933,chinese,1.0,4.0,0.13997726663892626,0.052634364228618134,0.11529215480262625,0.05326597675886583,0.5569002868359186,0.08192995073504494
2tvdTwgARXgu-5UVRcsc4A,Denny's,Calgary,,51.067417051599996,-114.117192766,american,1.0,3.615384615384616,0.2280731049692413,0.17012315188967514,0.17461675208399793,0.05036093420315206,0.2359392126228355,0.14088684423109796
3TDeKSUV4bV_OYByJSRPUg,Van Gogh Grill & Bar,Calgary,,51.091841,-114.248704,american,2.0,3.0,0.16492877735867426,0.2961766244828976,0.16571946954366068,0.08667817818809656,0.26653519183801233,0.019961758588658438
3_27-KlCTU3Z0vo7yNK0mw,Phil's Restaurant,Calgary,,51.0670615,-114.1142547,american,2.0,3.583333333333333,0.3693828791871657,0.1487426154171846,0.011665326833956066,0.03800119106266183,0.32771469227726124,0.10449329522177056
4253zBrjbPy7VvD4X9NPnQ,Bull & Finch,Calgary,,50.9626970038,-114.087518934,american,2.0,3.8,0.14859608961462786,0.23141564593900016,0.19365789886957024,0.13924896852891347,0.055131670024384766,0.2319497270235035
4Bs-aIKHYp0yC0ily4j0JQ,KFC,Calgary,,51.1256643,-114.1975966,american,1.0,1.0,0.25491869879542417,0.4175335018922677,0.0,0.0,0.2678200610253505,0.05972773828695769
4kNWvOJUQDHQTujWsLcUtA,Steels Cafe & Grill,Calgary,,51.077239945600006,-114.00293676700001,american,,3.5,0.2554672580711267,0.2451869033053076,0.13665397390776815,0.0,0.3463118334079858,0.01638003130781176
51OJLUlwKQg7GV30TdoJjg,Montana's BBQ & Bar,Calgary,,51.12855807800001,-114.202841513,american,2.0,3.0,0.24268146268590235,0.1549990959548536,0.0565024357156037,0.08362884597945396,0.38330480544323703,0.07888335422094944
57PuSod66TqlGmRzWVrjTQ,Tony Roma's,Calgary,,50.993184,-114.070923,american,2.0,2.7777777777777777,0.2506049038305365,0.2560530206683787,0.0211306248019883,0.07220995211364753,0.30017420756608515,0.09982729101936376
5HJ3700MJo3vAOP5y4W3kA,The Bank Restaurant,Calgary,,51.0452146,-114.0646064,american,2.0,2.6666666666666665,0.15499742936136138,0.17965921569931453,0.004304479623736428,0.04694369576743545,0.5138735742681506,0.10022160528000164
5QqzW0GZKqRpJVW17BRzvw,Lot 102,Calgary,,51.0522167,-114.0854951,american,2.0,4.0,0.228741285914342,0.18608488171439472,0.0601137879980765,0.13765202762960602,0.3062664514674222,0.08114156527615861
6HMcRdUxH3xyo5dr45iWcg,State & Main,Calgary,,51.1730827,-114.1647564,american,2.0,3.3,0.1911682916526488,0.29639220075009715,0.009460180313945356,0.0623904703588444,0.2334169887433592,0.20717186818110514
6HtksyUb-0Otnhiy1wnNEw,D'vine Diner,Calgary,,50.9848325,-114.08314140000002,american,2.0,3.875,0.2609818715970865,0.2630268084340233,0.021755427019094886,0.1394634975127348,0.23429392762288376,0.0804784678141768
6_RfPTsGA42U5orLc9WjPw,East Side Mario's,Calgary,,51.0746076075,-113.98936088399999,american,2.0,2.6875,0.13924332033649167,0.26695722473813915,0.02495305946369172,0.16678404345527964,0.3585898974907098,0.043472454515687965
6_RfPTsGA42U5orLc9WjPw,East Side Mario's,Calgary,,51.0746076075,-113.98936088399999,italian,2.0,2.6875,0.13924332033649167,0.26695722473813915,0.02495305946369172,0.16678404345527964,0.3585898974907098,0.043472454515687965
6wr8nHxkj9dDzp0jzd38Kw,JOEY Chinook,Calgary,,50.996098958599994,-114.073416327,american,2.0,3.627450980392157,0.2191335033302182,0.18200648391329646,0.08468933198434034,0.1079997026508334,0.2918129956846085,0.11435798243670316
7VY00Tod8Joe0nx8HzRimQ,Toad N Turtle Pubhouse & Grill,Calgary,,50.8876594144,-113.825899804,american,2.0,3.8333333333333335,0.2522900663522997,0.18950453882066096,0.059602158100012,0.16157963220104304,0.28410547611737674,0.05291812840860763
85GyOtl20Dtl5Y_MyPM8kQ,National on 8th,Calgary,,51.04595542,-114.067377399,american,2.0,3.35,0.239863453843033,0.2479147826718903,0.08097881804807205,0.13931860540736482,0.21988145765347747,0.07204288237616238
8Ivx0awBb_m1c_HKnwVZGg,Cilantro,Calgary,,51.03801513609999,-114.070579097,american,3.0,4.17948717948718,0.1332705173442236,0.2361370854827585,0.13238710817812924,0.084018135754856,0.3295192544390599,0.08466789880097288
8T_dbULG8RN7IyIYYisiZA,Vue Café,Calgary,,51.04285220000001,-114.0799963,american,3.0,4.666666666666667,0.2523833482878626,0.4535723740021885,0.0,0.024674258354744655,0.2504933253018451,0.01887669405335923
8ZSkLOUC-TV2TlsYQm_qaw,Swiss Chalet Rotisserie & Grill,Calgary,,50.9736705,-114.0703344,american,2.0,3.6666666666666665,0.0971541562384364,0.4456990860003056,0.011763802777385849,0.07871813209064987,0.3069750871330149,0.0596897357602074
8dnH_PcGlzECcCGk_5yyww,Briggs Kitchen + Bar,Calgary,,51.04312345,-114.069672244,american,2.0,4.289655172413793,0.2008010855479464,0.21898786018803534,0.07045423670116728,0.1126831528589022,0.2787172018282579,0.118356462875691
93yqHy-IpbF8B0r0C7_UMA,Bâton Rouge,Calgary,,50.9630585,-114.0079726,american,2.0,2.875,0.1425147613652265,0.1263693975219759,0.10652569397111153,0.11658648152333155,0.4486660985785617,0.05933756703979293
9NbXXKZ1lB7w7QaApCArOQ,Side Street Pub & Grill,Calgary,,51.052103,-114.08963,american,2.0,4.636363636363637,0.19927939224482066,0.3762241904554912,0.050997286399609015,0.042965535138559385,0.1933878710893601,0.13714572467215966
9_K9P144hsMNZp_1rIGzLg,K2 Grill and Wine,Calgary,,51.0129381262,-114.140121527,american,4.0,4.5,0.5088420731069964,0.25243687726412123,0.027093489152035983,0.041702413429675914,0.1330429914006477,0.03688215564652289
9_K9P144hsMNZp_1rIGzLg,K2 Grill and Wine,Calgary,,51.0129381262,-114.140121527,italian,4.0,4.5,0.5088420731069964,0.25243687726412123,0.027093489152035983,0.041702413429675914,0.1330429914006477,0.03688215564652289
9j4nk2WOT6XCDRgX-lGzVA,Fritou Chicken,Calgary,,50.936799,-114.080121,american,2.0,3.4,0.26185341785148525,0.1799245856460803,0.010660575421212608,0.07756448742541053,0.23041400970668136,0.2395829239491299
A5qHFRJOZZuEHi4yXTR2Kw,Original Joe's,Calgary,,51.022993,-114.1089916,american,2.0,3.6666666666666665,0.19723294070421707,0.1906883583743056,0.06258915252708584,0.10246715914890332,0.3247260498571115,0.12229633938837665
ARdkHJ748cC_7_fwViQxng,The Hideout,Calgary,,50.906373457,-114.062076715,american,,4.0,0.013371556923855287,0.0,0.0,0.0016551434081295488,0.5069511505659273,0.4780221491020879
Amx-KvDm_9nemssJM_X_Fg,Elements Bar & Bistro,Calgary,,51.0490702,-114.0593758,american,2.0,3.0,0.10616660591062424,0.0991504308570199,0.09786218071908488,0.11398148917297615,0.4136315401051063,0.16920775323518847
Aof6UNm8ZMq_YvHt0Bt7pQ,Pips Board Game Cafe,Calgary,,51.023747,-114.107994,american,2.0,4.0,0.17836462442898546,0.1628894748748963,0.0692274265901591,0.11245650649968283,0.2625447261407364,0.21451724146554
AwpyX4waSHSncD8ATTzy3A,Moxie's Grill & Bar,Calgary,,51.0845700846,-114.154080461,american,2.0,2.9285714285714284,0.2072058671479819,0.19033563785658106,0.01901649492757573,0.10962115564013022,0.36301461239737415,0.110806232030357
AxYnJ0wYTl0wsT-840ehgQ,Original Joe's,Calgary,,50.9437190762,-114.06926330799999,american,2.0,3.888888888888889,0.12260051425694796,0.2490514471079065,0.06532211756817974,0.11430128767127505,0.3129843744657508,0.1357402589299399
B9Qt4Eyk3lpz2LEtGU205g,Cactus Club Cafe,Calgary,,51.0895171414,-114.00081330100001,american,2.0,4.407079646017699,0.2080045523744777,0.24747461722905745,0.07740760414235129,0.0939606592760767,0.2880034890845777,0.08514907789345898
BD0fn4LZ97TT485jUPFjww,KFC,Calgary,,51.0161585,-114.16742,american,1.0,2.333333333333333,0.06887091400115875,0.21964768134402332,0.15112241149151914,0.027133228057282285,0.22561968677373445,0.30760607833228204
BJ3AyMhTaORAu_e_J2KNEQ,River Café,Calgary,,51.0547701109,-114.07140970200001,american,3.0,4.150793650793651,0.20907584482538336,0.2569665892592454,0.08041648469812354,0.08366615906464249,0.29300293500897223,0.07687198714363297
BPccBipnqKrf6I823FQMMw,JOEY Barlow,Calgary,,51.081144,-114.003423,american,2.0,3.84,0.21516363683518971,0.2108348563263199,0.06770616004430298,0.12112086156118307,0.3043369957157603,0.08083748951724402
BQjereFoM6AXFR66Ydgp7Q,Mom's Place,Calgary,,51.038069739099996,-113.962251258,american,2.0,3.8,0.2667913757551764,0.3178910349536942,0.02460622120267081,0.055031114694765834,0.12580906981315892,0.20987118358053386
C3uxeV8VSiMGcdFGmos0QQ,Moxie's Grill & Bar,Calgary,,50.981476435,-114.045262756,american,2.0,3.4285714285714284,0.2001218989326592,0.10177566429307117,0.14013822499947542,0.07221292428508495,0.4266094877295808,0.05914179976012845
CE7o2uWmnUyTibMCa_R0Rg,Jacqueline Suzanne's Bistro & Antiquities,Calgary,,51.041611,-114.035557,american,3.0,3.8055555555555554,0.2408703464174586,0.19699377430836507,0.12753892232091862,0.07358917389420948,0.2819341151785834,0.07907366788046466
CEz-iyFJ8GvPt0DQtWjuKA,Earls Kitchen + Bar,Calgary,,51.0166808,-114.1673072,american,2.0,3.761904761904762,0.2513219339512358,0.2360835931517989,0.0424196699424474,0.09317141107130177,0.29317291051827377,0.0838304813649424
CH1uucOfkV0P-rqwzkG2Zg,Eleven Kitchen & Bar,Calgary,,51.1404495663,-114.02615942,american,,4.5,0.15521054658167244,0.34295562565292204,0.06278046898027011,0.04740209997268699,0.2822243299244085,0.10942692888803997
CMaKoG2E3H566TwxZn-QAg,Melrose Cafe & Bar,Calgary,,51.0379549034,-114.07856304,american,2.0,3.636363636363636,0.19340778903923786,0.19660292944047075,0.07701920145016129,0.13103403583917714,0.2834445419033281,0.11849150232762475
Clded60oZKiauQivIpwrsw,The Plow Western Tap & Grill,Calgary,,50.90683920000001,-114.0610193,american,2.0,4.0,0.2675031961589888,0.08139024309493148,0.09115740183132358,0.05794295830155116,0.3963868458649504,0.10561935474825454
DdiCaej9h3UKABO4aCZXEw,KFC,Calgary,,51.1114026,-114.0550343,american,,4.0,0.8754321748758463,0.06584468687560932,0.027147793286824998,0.0,0.0,0.031575344961719244
DrEske7G36S__6PwW8GHYg,Original Joe's,Calgary,,51.1101626864,-114.040925056,american,2.0,4.0,0.0677818732288158,0.19579867853203475,0.03432597509832562,0.13617552197345867,0.4415130123765692,0.12440493879079605
ETh03xxYk-yu3LgXY8H-lg,Moxie's Grill & Bar,Calgary,,51.0170664,-114.1672569,american,2.0,3.636363636363636,0.18187602865715616,0.3321895628873193,0.05006550428574807,0.015119121069036744,0.3727435784722825,0.0480062046284572
EZ3vflgYwoBAJDrhc0TCbw,Hayden Block Smoke & Whiskey,Calgary,,51.0526549,-114.0882959,american,2.0,4.4646464646464645,0.2270570450515769,0.2275212941814679,0.02952963124913168,0.1475840460133435,0.25563454165719623,0.11267344184728392
EnwLYvr22hc0bJOUeSz38A,Trolley 5,Calgary,,51.03783789999999,-114.07853190000002,american,2.0,4.191176470588236,0.23360215633738216,0.2548301716985973,0.11939514061495725,0.08634359681630854,0.2474566564578736,0.05837227807488112
FAxW2mH50Mh5pnBRaIFClA,Original Joe's,Calgary,,50.9627202928,-114.010136299,american,2.0,3.2222222222222223,0.24002391614832186,0.238389959687228,0.03061932159622815,0.06377028094802872,0.32537876533653937,0.10181775628365393
FJql8i65mbx7Zjvt-LtqtQ,Chili's Texas Grill,Calgary,,51.0873955,-114.0026063,american,2.0,3.7142857142857135,0.15500454364401536,0.2105892627301819,0.11217757112934668,0.11752629803014822,0.25990940165149695,0.14479292281481074
Flb_GvJ8d4UR2JuHyHlFzA,Thomsons Restaurant,Calgary,,51.0457158,-114.06233629999998,american,2.0,3.821428571428572,0.214847859469956,0.20771145348810613,0.07380902565236047,0.08366818695415228,0.3201817356480133,0.09978173878741188
FyHlGfJwHvO_QyfkRV-bGQ,The Yardhouse,Calgary,,51.037891,-114.077888,american,,3.111111111111111,0.2156806052002145,0.16894610294837314,0.04028496032433385,0.1027563746286962,0.21067371881911215,0.2616582380792701
G6PnUFDzF9vKJ2KHth0qUg,Captains,Calgary,,51.1117754633,-114.056238384,american,2.0,4.285714285714286,0.10839142801018407,0.18264074744675995,0.07834706020364868,0.16697226634508722,0.4194911487082004,0.04415734928611973
Gl1Gat-8W9wh8eydkslHJg,Boardwalk Fresh Burgers and Fries,Calgary,,51.125373036499994,-114.197940179,american,2.0,3.7142857142857135,0.21631572491360146,0.2772773031008865,0.027336793486121454,0.11731124128031285,0.18241096713383412,0.1793479700852436
H71yp3qKTyHADiiUJ3AEgQ,West Restaurant and Bar,Calgary,,51.0463715,-114.0672913,american,3.0,3.4230769230769234,0.2506502944781148,0.1862509520224948,0.08680477705043364,0.1623331858240333,0.2445262335293362,0.06943455709558738
HOCuqi14chrfeKRqn-HuOw,Earls Kitchen + Bar,Calgary,,50.9580225,-114.0707647,american,2.0,3.9166666666666665,0.21902170127770185,0.18804103633345928,0.04597082423531975,0.0756757051698544,0.34521743028729673,0.12607330269636796
HWs2Srry3sX-plRx5JNvDw,Farm,Calgary,,51.0379717,-114.08466509999998,american,3.0,4.252747252747253,0.2545704839386112,0.2664615595734729,0.04699621320176329,0.105431410945895,0.2584977570867004,0.06804257525355739
IkNY7NNNtxybDUVaImQU4Q,The Cat'n Fiddle Pub,Calgary,,51.0671356517,-114.0736413,american,2.0,3.3125,0.17040500688382626,0.2906763950862021,0.13556114701738609,0.08219692338673729,0.2057724948377726,0.1153880327880758
J2hBRdHuiSPqUzm7YiK6gQ,Five Guys,Calgary,,51.034647978900004,-114.07135438200001,american,1.0,4.4,0.222958985276927,0.2839996909177789,0.09638610706731073,0.05898057123368931,0.2208473340742962,0.11682731142999785
JFTN9JBOHqh_R5iwDb4jqQ,Run Pig Run,Calgary,,51.0376174,-114.0733081,american,,4.181818181818182,0.14396654831529346,0.39740496224837196,0.07102166069208875,0.032666030496423665,0.2820639923168114,0.07287680593101067
JG1J5JP7HIRWhjZKebOtYw,Swiss Chalet Rotisserie & Grill,Calgary,,51.0975103,-113.9568659,american,2.0,3.5,0.1229661913190139,0.0,0.010074039353023184,0.5534027837568709,0.3088237775370304,0.004733208034061501
J_LJdgBvq5_KtnjveOeN-Q,Swiss Chalet Rotisserie & Grill,Calgary,,51.019123,-114.169895,american,2.0,2.5,0.3564271348519472,0.08095401625626436,0.0710230889644238,0.019783137878022567,0.3149608934900404,0.15685172855930155
JkcuMDl1JJpJzlJd1R3SEg,O Restaurant & Lounge,Calgary,,51.0241048,-114.10796709999998,american,3.0,3.0,0.14220161437142373,0.17415542928799746,0.14749618794440647,0.10363329243805752,0.27868810457589993,0.1538253713822149
JmO7QtJ142GbDkBPwVZ_bQ,Swigs Pub & Grill,Calgary,,50.95361810000001,-114.1301892,american,1.0,3.0,0.08305837429734547,0.2564592245275844,0.1333737317686449,0.006969732738482943,0.10941770417664706,0.4107212324912952
K-7S3DV3XkEMtT86sYIIdQ,V Calgary Downtown Bankers Hall,Calgary,,51.04491,-114.06925590000002,american,2.0,3.7777777777777777,0.15923431406647498,0.20882438020012525,0.1297173709140013,0.18780551032578144,0.22804034705805026,0.08637807743556675
KLDmm3Jv5pHEatbLPo-t5w,Border Crossing,Calgary,,51.0371575,-113.9812337,american,,3.0,0.09788741225863537,0.1344339842416611,0.0015811457998133858,0.08059314744846313,0.5171811348724469,0.16832317537898012
Kdhcw8qUBTmv_4UQv8pymA,Home & Away,Calgary,,51.0376388,-114.0926576,american,2.0,3.7714285714285714,0.1404117611129739,0.284217247436408,0.051601885451111135,0.10582357755100162,0.3075225740124305,0.11042295443607493
Kgu-Ny8xoYtiUQp0wa7vwQ,Moxie's Grill & Bar,Calgary,,51.0948364198,-114.000695563,american,2.0,3.891891891891892,0.19442057361860615,0.22695949908109475,0.048106738371550134,0.07634471544870293,0.35572618935695444,0.0984422841230915
L8RL98g2U9SNQAG8zo-AeQ,Rouge,Calgary,,51.0422924095,-114.033648325,american,4.0,4.276595744680851,0.1843675731303352,0.30224800425920706,0.06689541904669205,0.09578949435265123,0.26822723503439544,0.08247227417671911
LKzDrKa0FRrRATi1gqPEiw,Murrieta's Bar & Grill,Calgary,,51.0453155,-114.0652006,american,3.0,4.0,0.2589332776441456,0.198175234371262,0.05610832411437012,0.1168801006120607,0.26347159741496784,0.10643146584319388
Lg0LvQXlpSBBCvDE6wlO9w,Seanachie Irish Pub,Calgary,,51.017772596,-114.17384762,american,2.0,3.333333333333333,0.18131682733168986,0.2145841700698049,0.10063968474931476,0.07648780871238937,0.2867163332826904,0.14025517585411074
LlJn7Q7Ow0lwQpk4gg0KeQ,Milestones Restaurants,Calgary,,51.0453778,-114.0624737,american,2.0,3.6610169491525424,0.19053417225981772,0.2377769343633273,0.06083796572645229,0.08042801284501364,0.2902730474511264,0.14014986735426244
M7UUtqg0K09T6Z0yIy0Hlw,Earls Kitchen + Bar,Calgary,,50.9314092847,-113.96136282399999,american,2.0,3.583333333333333,0.13849085444633671,0.12922069853912496,0.09967552983069096,0.2232080688146213,0.30242195793339305,0.10698289043583316
MCBsyPnsOn8kOuyCbP2O4A,Red Lobster,Calgary,,50.9979244,-114.0708817,american,2.0,3.3548387096774195,0.18859215777989544,0.18369183128499314,0.060230673480558626,0.14257564940919085,0.3512539615013387,0.07365572654402319
MIZkIUAjh96C4eIpjb0dEg,Swiss Chalet Rotisserie & Grill,Calgary,,51.12278870000001,-114.2040525,american,,3.8571428571428568,0.15592705609109064,0.26989678625672864,0.013830068795043952,0.1439935477386625,0.37240018168525896,0.043952359433215335
MJ_5HIvJMqu1fREQgUjWTA,The Highwood,Calgary,,51.064799,-114.086583,american,2.0,4.055555555555555,0.20079989204491333,0.18918697181618407,0.08025939485594888,0.12710114298181668,0.276787957204854,0.12586464109628304
N57tCpcFhtaDQP5z4uRNUg,Moxie's Classic Grill,Calgary,,50.996067,-114.073148,american,2.0,4.0,0.3538555860588516,0.17632573515376124,0.008276848485593484,0.01687158846284939,0.25646488620887903,0.18820535563006535
NVFj_QC7fkBMLbau-6P3hA,Schanks Sports Grill,Calgary,,51.127304948500004,-114.20334836100001,american,2.0,2.833333333333333,0.35083441205007804,0.19388628827870566,0.06515574626473432,0.09129329797802536,0.21165809502078814,0.08717216040766852
O9qdEZkdcIk5dxC8N00h4A,The Still,Calgary,,51.0393978,-114.0589497,american,2.0,3.6666666666666665,0.10332214679286128,0.13335848788839735,0.0,0.04617363535072503,0.6106028286195505,0.1065429013484659
OAchWMLU-guo6wdIjdlt0g,Madison's 12|12,Calgary,,51.0420748,-114.0360822,american,2.0,4.2727272727272725,0.2273048606878489,0.3440277878602683,0.0064309831817311635,0.032292479914982235,0.24682699570612715,0.1431168926490423
OAchWMLU-guo6wdIjdlt0g,Madison's 12|12,Calgary,,51.0420748,-114.0360822,italian,2.0,4.2727272727272725,0.2273048606878489,0.3440277878602683,0.0064309831817311635,0.032292479914982235,0.24682699570612715,0.1431168926490423
OHSwZt80SzC1ebLkLjKjEA,Denny's,Calgary,,50.9894302988,-114.072423219,american,2.0,2.833333333333333,0.18411029529821216,0.2228779074232958,0.10355579859642056,0.26339820601932645,0.20321001741231426,0.02284777525043076
OOp9BjiVLqqVUwgFFCRQCg,Flying J,Calgary,,50.9495117,-113.9796831,american,2.0,4.0,0.013421403145717702,0.021558424595408063,0.017594084588655627,0.9474260876702184,0.0,0.0
OYlMAz-kJpNXLtS5oaYUNA,Chick-fil-A,Calgary,,51.1316002,-114.0104621,american,1.0,4.083333333333333,0.1399796477355633,0.2314093345653351,0.026500438109536298,0.10067332081769358,0.4146712795398253,0.08676597923204647
OjjbyQyzJji9wNgOOBUbIA,Harvey's,Calgary,,51.0856775,-114.126533,american,1.0,4.25,0.059777211941702414,0.3438642766239576,0.05148413299533942,0.059167226626058673,0.28402450624973186,0.20168264556321006
P2pfWW_xpo3kfojN45fEaA,Earls Kitchen + Bar,Calgary,,51.08109498970001,-114.00279854899999,american,2.0,3.814814814814815,0.240659433934541,0.2099947182855718,0.11766241906372413,0.07231332433042763,0.2699517038231873,0.08941840056254817
PMFy98bGt1eNnnpNgQ4pnQ,Earls Kitchen + Bar,Calgary,,51.0672962172,-114.08584713399999,american,2.0,3.827586206896552,0.2551390860065194,0.1953966601993587,0.06997662068245668,0.0731971611701945,0.29092156001080555,0.11536891193066508
POIe1nLnPEmmPBiAbkf8jA,Gallaghers Pub,Calgary,,51.096610584,-114.05299232200001,american,2.0,3.7142857142857135,0.21829388798089944,0.1996185661112516,0.11398089783090365,0.15630316054539686,0.1975584394688326,0.11424504806271585
PTA2UabEg0MdiHJWNsgeGQ,Original Joe's,Calgary,,51.0946155299,-114.140845019,american,2.0,3.3571428571428568,0.2316874827032728,0.20722888518319832,0.07169305303947522,0.04068432211979855,0.307108888169948,0.14159736878430704
PgowqpwnIlLnZIgt3uGP0A,Oh My Dog BBQ,Calgary,,50.913805824799994,-114.062310475,american,1.0,4.090909090909091,0.2601323434955385,0.2194788811779767,0.07792509644963763,0.11638282054006616,0.2729845588659503,0.0530962994708307
Q3bsmcSg6qxnRSDK7GHPPw,Prime Time,Calgary,,51.0348998,-114.042182,american,2.0,3.2,0.1988336154099001,0.15512980346520958,0.09612382705755652,0.11588274738416345,0.3974258116923488,0.03660419499082164
RGMLAOPHFTkPKyve5CrOtg,Celtic Cellar - The Unicorn,Calgary,,51.0457548228,-114.066189077,american,2.0,4.0,0.23829158822933655,0.3908859298514538,0.0,0.016929794748101967,0.0014839677614649726,0.3524087194096426
RK05HWmSXLSAqmOkDe5_HA,Swiss Chalet Rotisserie & Grill,Calgary,,51.0489621,-113.99267140000002,american,2.0,3.0,0.0,0.0,0.10873383034783446,0.0,0.8827774443422087,0.008488725309956804
RTsDj3iPnmzb74hu98Dv0Q,Original Joe's,Calgary,,51.0392565704,-114.20827328200001,american,2.0,3.0,0.16879824049372658,0.17026840877821914,0.047967530251551316,0.3048584959256263,0.2811058407669959,0.02700148378388077
R_vxWn7iZNGZWP4FK8uJFw,The Village Flatbread,Calgary,,51.03765960000001,-114.1185012,american,2.0,4.846153846153847,0.20270262461837948,0.18469039049048866,0.1586903315090945,0.0646365657090105,0.19073702028606496,0.19854306738696195
S4EggH9a-nef1ls_kfBf_g,KFC,Calgary,,50.953225,-114.1165003,american,2.0,4.0,0.2011169222322561,0.5016175236910695,0.0,0.0,0.1815395671859586,0.11572598689071585
SYCgakqaEBTjRhOVFXjV3g,NOtaBLE,Calgary,,51.07190426060001,-114.15978051200001,american,3.0,4.320224719101123,0.19936148597709655,0.24257526272071675,0.06633058781120081,0.11511449788949794,0.2859969194059026,0.09062124619558523
Spkk64O-bdXZYCkpSOxwpA,Swiss Chalet Rotisserie & Grill,Calgary,,51.156229,-114.1597301,american,2.0,3.75,0.3942262910070239,0.09056098009359273,0.4547757612784624,0.0,0.05752031222570168,0.0029166553952192625
TBVVDMoRb2vtX3wTqAiL9A,Fatburger,Calgary,,50.982226418500005,-114.040623016,american,2.0,3.6296296296296298,0.23074952406075924,0.2692053823621402,0.0718956670040793,0.11500730637660116,0.2170871932403232,0.09605492695609694
TDDwbLjGAiZuOCkk4L5ViQ,Ed's Restaurant,Calgary,,51.0379165,-114.0609344,american,2.0,3.1428571428571432,0.2438347037582723,0.24068201144497695,0.06604038251553626,0.10950679980921067,0.23323910985012375,0.10669699262188004
Tmj6c74wRTqvBvWHqlFFzQ,Sky 360,Calgary,,51.0443123,-114.0631587,american,3.0,3.330275229357798,0.21620972326236626,0.22176231715739467,0.07047879971494192,0.08351960454325537,0.2997216862488215,0.10830786907322054
Tw9C8PVmcbkZh-zFCW4w4g,Hooters,Calgary,,51.07182879999999,-113.9993677,american,2.0,3.5,0.10265893907880658,0.23698153976109446,0.008628931984691036,0.0388045671860358,0.4982394521206582,0.11468656986871398
U2fKjcHKT_c8nBEibEdipg,Harvey's,Calgary,,51.0572532,-113.9814373,american,1.0,3.8,0.32362070532242754,0.1477641001281104,0.28180295110625386,0.01730418302932066,0.1907198236047703,0.03878823680911725
U9ohbmQ_4OJN9NRFFeOkSw,Swiss Chalet Rotisserie & Grill,Calgary,,50.9324106717,-113.962595855,american,2.0,3.4,0.17748117491513302,0.3070258570167782,0.09343913656388886,0.08022250169314753,0.34183132981105235,0.0
UJbCHgi7Mn7_dsGzEJ5Crw,Denny's,Calgary,,51.1262270191,-114.207330465,american,2.0,3.727272727272727,0.3182455892150185,0.1443561867592748,0.15976805800738178,0.06999314045999068,0.2744445846950765,0.033192440863257795
UNHmMNBgjzAgpd0-3_NP6w,State & Main,Calgary,,51.0457011,-114.07412990000002,american,2.0,3.333333333333333,0.13670946638458714,0.21888851525859493,0.13947598270776934,0.02468906729436332,0.26141629971944863,0.21882066863523664
Ub-V6Spcxzz7pGLulDhGug,Shark Club Sports Bar & Grill,Calgary,,51.076095,-114.0027237,american,2.0,3.363636363636364,0.08314812191272485,0.31341801304527456,0.0689364668301826,0.23218977722989464,0.2715647728060121,0.030742848175911306
V0SJqlzkrobar95ipT--Qw,Oh! Canada Restaurant & Bar,Calgary,,51.0469568,-114.0797575,american,2.0,2.25,0.4998108273252596,0.23385786208530146,0.0012645930592193474,0.028723669024001357,0.145960099094953,0.09038294941126523
VDMBqfPiEsPLkLIxvncXeA,The Belvedere,Calgary,,51.04552750000001,-114.0635085,american,4.0,4.2,0.24423662288837625,0.23671923149184326,0.05000953568024323,0.08110722173201584,0.3143240897740046,0.07360329843351689
VP64cakWgLi7Zaxcu2od3Q,KFC,Calgary,,51.0982889,-113.9577104,american,3.0,1.5,0.19983559069136844,0.40993292803157866,0.03887944976969514,0.0195320439198593,0.23571948388093186,0.09610050370656666
Ve_RgUoXVEeNnpvmSLV8AA,Taste of Calgary,Calgary,,51.0529913025,-114.06888105,american,2.0,3.5384615384615383,0.2515444204110961,0.2472736124689821,0.005335198155148871,0.1275145330341701,0.2391571003881785,0.12917513554242427
WEEYXrWRr4cbgy8GCIrZiQ,Grate and Barrel,Calgary,,51.0532783,-114.05005459999998,american,,4.133333333333334,0.2431312710325649,0.24799560994269834,0.11366191289568993,0.040675130344500786,0.18630218520206954,0.16823389058247645
WJKPqmc5_UsAfcp5CTtVyA,The Unicorn,Calgary,,51.0457548228,-114.066189077,american,2.0,3.636363636363636,0.3383962958341196,0.2107890956216923,0.09373859064193253,0.125181145782714,0.20533155963609614,0.02656331248344535
WLEneu6YVE_qM4NGXj2Ddg,The Barley Mill,Calgary,,51.052332032799995,-114.06967407799999,american,2.0,3.5510204081632653,0.2686437672832835,0.14870188192026873,0.04124430375854428,0.13763893136471794,0.3038193272084784,0.09995178846470712
WiDO5Pm73Fmw8v5t_HQgNQ,KFC,Calgary,,51.03803679999999,-114.0914301,american,2.0,2.6666666666666665,0.1467540777478397,0.2225790550530642,0.07715758373544633,0.07639631782150517,0.18169774520854545,0.29541522043359913
WzVc5o_bXS2C-ND7eEzwSg,Mugs Restaurant & Pub,Calgary,,51.0396774,-114.0935223,american,2.0,3.947368421052632,0.20228908013143315,0.18208418797176104,0.06039687282705883,0.12975797546845155,0.2532073639236414,0.17226451967765408
XDrxuckqTBywlL96etHEsg,Chili's Texas Grill,Calgary,,50.9524850493,-114.0670022,american,2.0,3.1428571428571432,0.23622160786306395,0.10702020706781412,0.12248373004950926,0.13347488400599378,0.3164894578830868,0.08431011313053216
Y-kTCG69fAj5LbfcW5PwHA,Badass Jack's,Calgary,,51.1298924,-114.2009792,american,2.0,3.0,0.29452194533592524,0.1821035072665272,0.07419045915359798,0.09148753576988476,0.3277500420637017,0.029946510410363208
YB4mu3Q0xGq9uZUV7d11lg,Tilted Kilt Pub & Eatery,Calgary,,51.0377145,-114.0718989,american,2.0,4.0,0.3275610919846691,0.13502919564378926,0.0,0.06210171502806217,0.4627234862353693,0.012584511108110192
YIbdV31x9g1WAQGvhrhYzg,The Cheesecake Cafe,Calgary,,51.0741739,-113.9849889,american,,3.25,0.08061069691536386,0.5366624888266637,0.0,0.08344310392514978,0.19984709974921133,0.09943661058361138
YIc5S_bxKj8QYAwZERPHyA,Ricky's All Day Grill,Calgary,,50.8801003122,-113.95932607200001,american,2.0,3.6666666666666665,0.09850017660148114,0.08047456322901443,0.0718578246002256,0.23794654980784,0.4568182525383769,0.05440263322306192
Z7ke3AwtaPpbkYzheQGNTw,Swiss Chalet Rotisserie & Grill,Calgary,,51.0968064,-114.0529665,american,2.0,1.4,0.20554825547562355,0.2287103818365877,0.05164275717597914,0.030706146460805845,0.3574807974565114,0.12591166159449238
ZKjG_eiChI5Zlt4fiwz9WQ,Backwards Restaurant & Night Club,Calgary,,51.046083,-114.075412,american,2.0,4.666666666666667,0.3914713367941644,0.14101209976859655,0.20581601174493616,0.016819574985147315,0.2296878496644436,0.015193127042711975
Zt0QMQoIy5T213cc8wC3Sg,The Smith Restaurant and Bar,Calgary,,50.93395702300001,-114.069256559,american,2.0,3.5,0.37656693355059007,0.1580175374079049,0.1871205447356266,0.06965039072801542,0.20097391514965476,0.007670678428208325
Zy7S0_eLocqxioh1YayxHg,Ricky's All Day Grill,Calgary,,51.1379078,-114.1587994,american,2.0,4.6,0.1447861142854598,0.31916537587445104,0.12440166161460155,0.15878628650314913,0.20790843938952847,0.04495212233280997
ZzN9jgaJ8lbOzXZHPqT5kw,Earls Kitchen + Bar,Calgary,,51.1054845757,-114.163266989,american,2.0,3.3571428571428568,0.25169525617217603,0.2577887213608229,0.026889570744442138,0.1768940212011998,0.2007799854481612,0.08595244507319802
_Awksmvh64VWVMeiSOj2Cw,Divino Wine & Cheese Bistro,Calgary,,51.0453072,-114.0639138,american,3.0,4.127272727272727,0.20026272933816264,0.2157450723036971,0.06415847867023436,0.08074717868585088,0.333113049027426,0.10597349197462877
_Mb_Rvw5VsQLWLwc8mA0xg,Austin's Bar & Grill,Calgary,,50.9493293,-114.0862305,american,2.0,3.615384615384616,0.2637735742087444,0.18785258124899545,0.15101106063080752,0.07847845207329095,0.22629838148106,0.09258595035710168
_aKQeHCKbXWr45XZgUai9Q,White Spot Barlow Trail,Calgary,,51.0820539,-114.0050975,american,2.0,3.7058823529411766,0.2742488222485126,0.23260870675959466,0.05417738708191442,0.17291735663305774,0.2410242682871709,0.025023458989749708
_kuygM-Ha1-Jq_mqHk4Ewg,TYN Lounge- The Yellow Nectarine,Calgary,,51.0459174,-114.07970690000002,american,2.0,3.571428571428572,0.24908260560026144,0.14377934941435713,0.19119648700496086,0.0708254502745053,0.3011717687282003,0.04394433897771498
_vMJVm1v5Jp4uUqZIuGyvA,The Metropolitan,Calgary,,51.045887,-114.06913,american,2.0,3.193548387096774,0.2451454871517484,0.20152805450865272,0.09232808052235646,0.12589864252658806,0.2680445585869147,0.06705517670373974
_xITq0q08REnLLfgaHMEog,KFC,Calgary,,50.9691858,-114.0707889,american,1.0,2.0,0.0,0.11805094647329555,0.024781375783821943,0.04480232546462033,0.8123653522782622,0.0
aUiiuRehsSJGMFxfbOPtqA,Original Joe's,Calgary,,51.03358400000001,-114.071243,american,2.0,3.65,0.28011283835717304,0.18091983067186526,0.0825192034576628,0.07421337087078622,0.261380082705265,0.12085467393724772
aet-eZ1la9rlfJlopyFX5Q,Mill Street Brew Pub,Calgary,,51.0377152157,-114.067235741,american,2.0,3.5625,0.16244831705039062,0.33733990940684905,0.08309598778902609,0.0484933743255684,0.2457521805447249,0.12287023088344098
agnAHEmCg9KW_uKt_G7_JA,Reader's Garden Cafe,Calgary,,51.029849,-114.0581,american,2.0,4.333333333333333,0.3030778088748399,0.3252583697945725,0.03857809814682777,0.018526726931650174,0.10711811745756973,0.20744087879454
agqtyI5ozsnwVpu1TK0LZw,D2UE,Calgary,,51.0347999611,-114.071760911,american,2.0,3.6666666666666665,0.16134686173372026,0.33592296982438297,0.002625042610235894,0.0,0.3793207754486328,0.12078435038302812
atBvc6ggT1SsvRt5kYr2Qg,State & Main,Calgary,,50.9981481971,-114.07279941899999,american,2.0,4.032258064516129,0.2314513554540833,0.2251807075591017,0.10912948814819284,0.09108374326776507,0.24581406728395255,0.09734063828690448
baME_ZBO1DotVtJDOmvnIw,Nathan's Restaurant,Calgary,,51.0479524,-114.0732415,american,2.0,2.333333333333333,0.12175826366511505,0.14251719473220628,0.04763737202422492,0.2610144627154409,0.35268700484760096,0.0743857020154118
bbTFXeaWG8th32TDGiWviA,Kelsey's,Calgary,,51.13237700000001,-114.0120121,american,2.0,3.5,0.2236450156928056,0.14976882102034075,0.18036006900279436,0.033352469619336814,0.3531223419879846,0.059751282676738
bhTdEUJUFbWN_L85-gcTxQ,Tony Roma's,Calgary,,50.9304186,-113.9732195,american,2.0,3.0,0.3389010724662408,0.28204674522021456,0.01902923648609233,0.02655537650744644,0.2923486424415366,0.04111892687846923
bxTQLTG0mZKRCZzFg8ZQHw,Blink Restaurant & Bar,Calgary,,51.04534320000001,-114.0638283,american,3.0,4.288135593220339,0.20662228286414785,0.2407700092898485,0.06372500855159585,0.0980970546786956,0.2982550104858548,0.09253063412985753
cGe37-wTQ9RG_dxS94frqA,Ricky's All Day Grill,Calgary,,50.9970485923,-114.07072888799999,american,2.0,3.4,0.10798818455267037,0.13800706182946113,0.008636316584849233,0.11222783338082468,0.4405099464109166,0.19263065724127806
cRo-kVZW5RN37JWcCg3bLA,Browns Socialhouse,Calgary,,51.0385721,-114.0815731,american,2.0,3.928571428571429,0.2360902227498847,0.23779847230152226,0.052488155524343084,0.1661197093199658,0.28622806416185786,0.02127537594242632
d-qXm9fxKrAy_U_MrVlJxA,Earls Kitchen + Bar,Calgary,,51.0455468,-114.0689742,american,2.0,3.272727272727273,0.21345688134008745,0.2781434586429377,0.07085226147931317,0.11248095669082553,0.2512592217599962,0.07380722008684006
d6vdk0zAYW3Y_9QuZr0-IQ,Denny's,Calgary,,50.9825411813,-114.04504627,american,2.0,3.0,0.26873778329759385,0.12948307462253786,0.01934645017410005,0.03216273696534897,0.5312808008925155,0.018989154047903918
d9OUVDlpEZMOl1IZjNJI0A,Fatburger,Calgary,,51.080876975200006,-113.98442513,american,2.0,3.941176470588236,0.12275838789442907,0.1809470857764132,0.08330846392393655,0.15760273928226615,0.2887581119475397,0.16662521117541526
dJsp8s2GAW5tsLWLc1BIQQ,Original Joe's,Calgary,,51.0526861,-114.0898231,american,2.0,4.333333333333333,0.30884849789596264,0.2143383124214236,0.10951249366938592,0.1354790217550732,0.17576145717191316,0.05606021708624147
eP35p3AW0a1XP4a_WwWMfA,Quincy's On Seventh,Calgary,,50.915707,-114.0942415,american,2.0,3.4,0.2918563683081519,0.17458598661043054,0.0247924034346495,0.10406919385574558,0.18401502849158247,0.22068101929943995
ebL_y2bWGl_av4mvWoM0rg,Vin Room Mission,Calgary,,51.0319388,-114.071189,american,3.0,4.018518518518518,0.23324923630095545,0.247876703728139,0.08013149917953179,0.1195598529520805,0.2468819388831848,0.07230076895610849
fP0bm_23cYxVxbdmpghm_g,Applebee's Grill + Bar,Calgary,,51.1542,-114.064,american,2.0,3.3571428571428568,0.17971726251611267,0.2939346903345542,0.05890959728028398,0.11143127512061378,0.3293103062426392,0.0266968685057963
fYqz_q3c-HC3R5vreCvfpw,Tony Roma's,Calgary,,51.079836392,-114.002616315,american,2.0,3.4615384615384617,0.2485221873927433,0.2680138843286918,0.07946157179298674,0.07913638140936086,0.27861848302603043,0.04624749205018692
g6XEEPl1lQoqMNRYamGBlg,The Rimrock,Calgary,,51.0442653,-114.065001,american,4.0,3.8,0.3380989126438689,0.16615196146687888,0.022741548616808268,0.08391928994407369,0.32460647801314857,0.06448180931522172
gKZLFTbPefpsxvfRJADZ7w,4th Avenue Lounge,Calgary,,51.049979,-114.0659749,american,2.0,3.4,0.08803597903309034,0.26503995072179565,0.028152966718985137,0.16655953620305353,0.1700546312173126,0.2821569361057628
gmFNo8ujracm0B1k66jlHA,Wild Horse Pub,Calgary,,50.94833920000001,-113.9837842,american,2.0,3.0,0.19008919964033968,0.40029122535175016,0.0,0.1846693013105248,0.20286750859093874,0.022082765106446595
hJjqmZUfbWRgYqFc3QWYIg,Flat Iron Restaurant & Bar,Calgary,,51.076095,-114.0027237,american,3.0,3.555555555555556,0.12372711071876863,0.2537110445421251,0.05572014874752329,0.04719965539816639,0.3539748681802676,0.16566717241314904
hR8m47Jv9BYuol3khp6aBw,Elwood & the Rabbit,Calgary,,51.0520695,-114.0514524,american,,4.4,0.1780917744347133,0.2193669837629811,0.006872932819881205,0.010708652853364984,0.4760913502136233,0.10886830591543613
hcNgeIo2TWyfzgkR0yG-BQ,Perkins Restaurant & Bakery,Calgary,,51.0803638695,-114.00281073299999,american,2.0,3.421052631578948,0.25618149384435873,0.25992570044712865,0.04976434584713598,0.11481212334693312,0.2921957058127693,0.027120630701674208
hhccRf4yLajnjnma6T113A,Classic Jacks Restaurant & Bar,Calgary,,51.0377061453,-114.08405523399999,american,2.0,3.611111111111111,0.2591086593667779,0.1409257640196964,0.09935606826103564,0.12523675290138006,0.2911892073888689,0.08418354806224106
hiFa3avDSwpdpKbQKRAYgw,Atlantic Trap & Gill Pub,Calgary,,50.9802253,-114.0757585,american,2.0,3.5,0.2566373548660857,0.2900922441911252,0.12535379433986252,0.16210503801394213,0.1514267818245999,0.014384786764384566
hjBVqvMoffXYxcNj_stq4A,Earls Kitchen + Bar,Calgary,,51.0313199,-114.0719679,american,2.0,3.731707317073171,0.2653432570731577,0.18705221829526503,0.13763875457900385,0.041489166316449534,0.19676639898393344,0.17171020475219045
hn_3yKI4wtL2zOwhEjX7nQ,Henry's Pub,Calgary,,51.0822189983,-114.00057615799999,american,,4.75,0.10361157884598844,0.04666117423680485,0.2882322329476221,0.21051284549282348,0.3154144188603947,0.035567749616366426
i44uHKmr9kfoTfNOJrKhtA,Swans of Inglewood Restaurant & Public House,Calgary,,51.0405215,-114.032075,american,2.0,3.9375,0.2535875661587926,0.23883776174353435,0.05466867512815908,0.10849507127689872,0.2720172640711219,0.07239366162149348
ibIwWdjoLhAg4rWkANVCYw,Original Joe's,Calgary,,50.98773970000001,-114.07167350000002,american,2.0,3.1818181818181817,0.14872710989019147,0.21443444401517536,0.09335282600987148,0.03840434595806119,0.34982670513661235,0.1552545689900882
icZONA6FwkCb1wYfEPPshA,Rush Ocean Prime,Calgary,,51.0443247967,-114.06600520000002,american,3.0,3.8461538461538463,0.2476954494933331,0.19120969744811045,0.07226947645599653,0.16688333510760225,0.2469528455999259,0.07498919589503185
ihL-5oPKYwU26gE4eCcAyA,Provision,Calgary,,51.0408406,-114.0707798,american,3.0,4.5555555555555545,0.19032068132181812,0.3044534042132613,0.02612462440841629,0.11560666414081648,0.22353374575235666,0.13996088016333114
j6__keNWOE8bVP_KVFs9cA,Bazille-Nordstrom,Calgary,,51.000817676400004,-114.07364243,american,2.0,4.052631578947368,0.23989022018973216,0.18966454050125156,0.1134335079816644,0.09336240756685056,0.2903013734804309,0.07334795028007028
jJXo0ZcjetztmJmjysuk_g,Antonio's Garlic Clove,Calgary,,51.0291578,-114.0715032,american,3.0,4.125,0.20953590071812844,0.18042356893523054,0.034464734515110625,0.14281139302054366,0.10472205250209646,0.32804235030889034
jYuZNkCtWKcdVZNVjZ2TTQ,Artisan Bistro,Calgary,,51.0532792,-114.0450158,american,2.0,4.5,0.12940941735521028,0.1811820632441416,0.011091976496584405,0.035340606171379164,0.39936855218109707,0.2436073845515875
juml1DCzKOlpqYD03081pw,Oscar's Restaurant's,Calgary,,50.9606251,-114.070077,american,,4.333333333333333,0.15680938293422714,0.3234504081441148,0.13049225946316334,0.1563724386917094,0.2328755107667853,0.0
jxXFM1c9WJVLr-5r3guDYA,Pathway Burgers & MoMos,Calgary,,51.077523,-114.0084962,american,,5.0,0.183794218574114,0.16707396126072008,0.023709672677026925,0.11945322041622172,0.4283801643006136,0.07758876277130357
k3T05pOtZm8j5cvx95Gmcw,Murdoch's Bar & Grill,Calgary,,51.037164,-114.141267,american,2.0,3.6,0.18573642449188385,0.1994006240221652,0.02618143139203687,0.019352374700849245,0.5693291453930649,0.0
kEv0__4xUAREvTCPHsXEzQ,Browns Socialhouse,Calgary,,50.9997155184,-114.082896325,american,2.0,3.4736842105263164,0.1891637381697811,0.31963747532250514,0.054667092038488255,0.06993722842476352,0.2942931260191024,0.07230134002535962
kG3h6cXDmZz5hSI6Km__PA,State & Main,Calgary,,50.9027628,-113.9334711,american,2.0,3.6666666666666665,0.3243250519593271,0.13298895767243427,0.031548193971644004,0.08542221885111799,0.3342176494476096,0.091497928097867
kTqhrYTKwbWUe-HxfKjB4Q,Colors Bistro,Calgary,,51.0819741,-113.9995354,american,,4.25,0.10483268393550296,0.3257642787902323,0.12361913387259955,0.09357613421611362,0.33974138463909764,0.012466384546453949
kaLQwmlpfObNrYk_2yq74g,Applebee's Grill + Bar,Calgary,,51.07211160000001,-113.9827255,american,2.0,3.7222222222222223,0.2383530070655396,0.2196862825846718,0.12408878891383852,0.06121461209594714,0.2613852603104767,0.09527204902952617
kbYUkCMetQ5YHPrABu4-Yg,Denny's,Calgary,,51.0143369547,-114.000070631,american,2.0,4.125,0.1757525749239307,0.2864095123306968,0.0330697814043008,0.10985082898442716,0.33229057920886595,0.06262672314777863
kqDqbs3fMKJ6GGrLfENnxA,Vendome Café,Calgary,,51.055179160600005,-114.083253052,american,2.0,4.2651515151515165,0.2288773298991324,0.1996179018321847,0.07938610148451578,0.12066048040823245,0.26710870295744443,0.10434948341849028
kqPuXd_jHPq6HwTmaj6RnQ,Dobson's Restaurant & Bar,Calgary,,50.9896706,-114.0714167,american,2.0,4.571428571428571,0.2553098951334654,0.18181488778212335,0.00955373824540307,0.2576189060233811,0.2491938761331524,0.046508696682474635
l60ViBdB70YdrI0yJ6025g,Browns Social House,Calgary,,51.0554089962,-113.98107782700001,american,2.0,5.0,0.37778145690605625,0.0716273003687558,0.013718489965825087,0.02857175443199553,0.4989827451537978,0.009318253173569595
lQvMJ02_ZVIVV4e3pxwhYA,Moxie's Grill & Bar,Calgary,,51.037625382799995,-114.09286864,american,2.0,3.25,0.5735908172459045,0.08772143477419023,0.05683246481546232,0.18553717184728696,0.07169467355482037,0.0246234377623355
lojZ-2AVIvkPeDQjd-8dPQ,HARU sushi & grill,Calgary,,51.041146061000006,-114.059270169,american,2.0,3.1428571428571432,0.19124972498560808,0.23005474499125986,0.17578002062224454,0.04377884880933073,0.2249942896225028,0.1341423709690539
mKtBdeJFHdaFeuZHtVyBnA,Denny's,Calgary,,50.949498,-113.979773,american,2.0,4.0,0.2361465184631541,0.3410979773226218,0.08592402899773464,0.044257109034653366,0.1970977589655592,0.09547660721627693
mQh5tQAEdo2EEJb2HAlxjQ,Redwater Rustic Grille,Calgary,,51.039340153699996,-114.208536217,american,3.0,3.066666666666667,0.147534512617764,0.2503964671795734,0.13899323257394242,0.09362136828871184,0.33760161508684833,0.03185280425315997
mgQGkdI-qpj7ugWD0Q2LpA,Tango Bistro,Calgary,,50.9919868,-114.0714713,american,2.0,4.016949152542373,0.2265292500947867,0.2201444290094185,0.039386241533307616,0.11323397447295455,0.2684262795204845,0.13227982536904825
n145LryfnlGQ_X2rgqT5XA,Ricky's All Day Grill,Calgary,,51.1254256627,-114.211659289,american,2.0,3.0,0.3123086891279442,0.3088796122848413,0.01688060205940542,0.1973851268939999,0.13691865555797314,0.027627314075835938
nDmTriGzqd2eInBbur25fw,Milestones Restaurants,Calgary,,50.952414098999995,-114.069254907,american,2.0,3.1666666666666665,0.17548491860093626,0.18148385417629306,0.08269326154551808,0.1027582284525586,0.3931739836556629,0.06440575356903118
nV8wjx830t15elV9NvXjRw,Selkirk Grille,Calgary,,50.9827798713,-114.101594729,american,2.0,3.9375,0.15467181995250545,0.25711486449468623,0.020974128944592482,0.11828093447665518,0.20611305896934587,0.2428451931622148
noWYnCTjOqi3c_LS9MYgWg,Redwater Rustic Grille,Calgary,,51.0476491433,-114.069015326,american,2.0,3.9047619047619047,0.2692450015029935,0.1933706973025115,0.09356225302049276,0.059891516577819125,0.1967508751118395,0.1871796564843436
oBV3dUR6gjci4bKK5ZcbqQ,Denny's,Calgary,,51.085073,-114.208441,american,2.0,3.1428571428571432,0.293741448344888,0.18113677164997494,0.015324640099380374,0.18982126255995949,0.2848547162965938,0.03512116104920334
oNGV2UdhUokFc11xktt7ow,The Ranche Restaurant,Calgary,,50.9095962676,-114.018967152,american,3.0,4.2727272727272725,0.22615465572309645,0.16413813737438826,0.025345394487727425,0.12006096515957522,0.3147239904389669,0.1495768568162457
oU3OKOm71uMfyvtwCd3Rkg,The Carmichael,Calgary,,51.0416278942,-114.03561864,american,3.0,3.0,0.3122880863222033,0.08878066484597058,0.0409050600120526,0.21495270637134573,0.2975041770664233,0.04556930538200448
pGHfw4gK33r0g6S4a3-euQ,Bistro at Art Central,Calgary,,51.0465229,-114.0633168,american,2.0,2.5,0.6587040478063646,0.23155844401571196,0.0,0.0,0.10544658746783966,0.004290920710083813
pPqNhrv_Gu273s0K1Fdn8w,Schooners Pub,Calgary,,51.061002,-114.179684,american,2.0,3.3,0.18191930957116145,0.2530875029872933,0.07978595203918651,0.15059089355791527,0.316438804922812,0.018177536921631453
pVUREc8CHpzVKt57Sdlkvg,Buffalo Wild Wings,Calgary,,51.07658247770001,-113.988123089,american,2.0,3.625,0.1917849051741936,0.20835772516237672,0.09982635389839267,0.14252269418421734,0.24682156085288945,0.11068676072793016
qF6cu12XnaDY-H786iIGRQ,Cora,Calgary,,50.932889305699995,-113.970447371,american,2.0,3.6428571428571432,0.23248259897695706,0.2295844954247144,0.023494316215264942,0.09606982715121072,0.3109023287519808,0.10746643347987207
qJeSjOMgWB3er3UXG33ZVw,Carl's Jr,Calgary,,51.008460175299994,-114.06875429799999,american,2.0,3.6666666666666665,0.25409862661322064,0.0,0.06324770669163803,0.03404838163517627,0.6347184787256984,0.013886806334266692
qQjrsGBmpJ56HylhLyP3pA,Buffalo Wild Wings,Calgary,,50.9681277529,-114.07228736200001,american,2.0,3.7575757575757582,0.16376505022503773,0.22926341724123525,0.07839034568274343,0.13049852967810108,0.31286216979524195,0.08522048737764057
r1yhavKIFik5sH0ovujlYw,Cluck N Cleaver,Calgary,,51.0390628,-114.0949743,american,2.0,3.95,0.15816804774427476,0.2198916677925638,0.07093786251090882,0.12712609589378362,0.29696054442652536,0.1269157816319436
sDrbHXveQ4kc-dWiixtoHQ,Global,Calgary,,51.0497431,-114.0666185,american,,3.5,0.21879421849906527,0.23640238428675114,0.2390976461326241,0.08100072643378535,0.2117107030264137,0.012994321621360437
sdp4LwyxQyMjyOCRmNRxxQ,The Deane House Restaurant,Calgary,,51.0437419,-114.0418922,american,2.0,4.4,0.20042389311548567,0.2046416908373115,0.11173189985123358,0.1258281108498157,0.3378507772611131,0.01952362808504029
sh4u0HAjCZMzgN9_VVn7LA,Escoba Bistro & Wine Bar,Calgary,,51.046024,-114.0751193,american,3.0,4.367346938775509,0.2658111676562069,0.19354916187776608,0.04139160097510496,0.07787651314998753,0.3093049837649377,0.1120665725759968
stnJNaYwO3P4E8Pm-JwLJg,Harvey's Restaurants,Calgary,,50.9886348,-114.0708288,american,1.0,4.0,0.0919653407445652,0.3031518384382298,0.03899888150946024,0.1729469138242973,0.38451977511313296,0.008417250370314594
t5G_cnJVzcFQjzR4s8YfYw,Aujla's Restaurant Bar & Grill,Calgary,,51.1629523,-113.959621,american,2.0,5.0,0.1458245100330189,0.11332685132729448,0.019829307684157305,0.02582621979400217,0.1382319131286168,0.5569611980329103
th-nbX4ir_XmyCRFMN6Emg,Tony Roma's,Calgary,,51.0798557,-114.0025499,american,2.0,3.0,0.276628375969701,0.3327761023669483,0.07611973662658486,0.10782467113139556,0.1970549845656061,0.009596129339764234
thOu1MnUKIEDuDc7NUmrNw,Eldorado Barbecue Lounge,Calgary,,51.0459705,-114.0753528,american,3.0,4.6,0.28538505120956364,0.149331743228254,0.1944137913789709,0.028796577295359976,0.2255843306739463,0.1164885062139052
tnS-bmuvH8DNA3-xXA-wtQ,Swiss Chalet Rotisserie & Grill,Calgary,,50.9016475,-114.0655678,american,2.0,4.285714285714286,0.2739473315689013,0.17507071941349506,0.03311919718327698,0.05883195675597502,0.15629618112735366,0.30273461395099804
twYnXojfrxKFrN-SRlIapg,Design District Urban Tavern,Calgary,,51.0426178,-114.0754846,american,2.0,3.6,0.19818472007851215,0.2509987784008931,0.0633391835029916,0.06397667343079809,0.33244479236031665,0.09105585222648832
uHqsaF3Kglc90nnIAW5MXQ,Sociale Bar & Grille,Calgary,,51.0472683,-114.0653699,american,3.0,3.2222222222222223,0.2138695077343272,0.3192170706946952,0.016822218125321548,0.1185996937941263,0.2963226000635503,0.03516890958797947
uhfTEWzNY14bALBoYPCfpQ,Bross Sushi Bar & Grill,Calgary,,50.9535392,-114.1163065,american,2.0,3.5454545454545454,0.26524735801919275,0.1534285612756392,0.14518450800527802,0.09760305745942938,0.2763776443242376,0.0621588709162231
vO3wH7q0z-bq052VNj-8Cw,Yellow Door Bistro,Calgary,,51.0413364,-114.064781,american,3.0,4.047619047619048,0.19766598756158624,0.19843092156098505,0.09748373464959613,0.10300577225114886,0.2860761827944359,0.11733740118224766
vW0j6dHS5rpR-qMV6CFLcw,The Keg Steakhouse & Bar,Calgary,,50.9326598,-113.9696216,american,3.0,4.552631578947368,0.19255822081654772,0.19325011378443374,0.13739168709378288,0.12459184352076212,0.2318114649557167,0.12039666982875677
vppf6Lnqet_elcft6tYmdw,KFC,Calgary,,51.0733526,-114.1646684,american,1.0,3.0,0.0443751562437578,0.283010843839937,0.01183812126717191,0.023410089912333527,0.16161698628514742,0.4757488024516524
vwuhzKcFNXUM5BXkj611KQ,Ric's Grill,Calgary,,51.039289146499996,-114.08145593299999,american,3.0,3.8666666666666663,0.21507559368333373,0.18153147663363312,0.02606337794788936,0.18082739101248985,0.29709715565407685,0.0994050050685772
vzXn4jwRraDw4jxSLZxQfw,Laurier Restaurant,Calgary,,51.0422276,-114.0793398,american,3.0,3.9038461538461537,0.2455822540841679,0.20340406515797047,0.07252659259915402,0.14369752303245045,0.2701273788340965,0.06466218629216064
wJVW-Bgc9j2aaMnwI7TH3Q,Original Joe's,Calgary,,51.04530020000001,-114.0636875,american,2.0,3.4857142857142858,0.1853763297559676,0.2523151790099539,0.06861921867411909,0.13076520234401348,0.25484226223297896,0.10808180798296692
wtHrImxHO0lNdocsdNVSrg,Two-One Bistro,Calgary,,50.9599665,-114.0441491,american,3.0,3.8571428571428568,0.2265560689648948,0.2666663047117587,0.019089495783529892,0.12861328043122872,0.249720606684298,0.10935424342428994
x1tVA7i0WIryZKqB83wj4g,Eggs Oasis,Calgary,,51.12692224479999,-114.19829850100001,american,2.0,3.1,0.1896690872620055,0.1580979567776586,0.09345937668372384,0.061455642244646475,0.4028913192419887,0.09442661778997692
xggWRP_tRSvdhxuUHyzRCw,Nando's Flame Grilled Chicken,Calgary,,51.0811507159,-113.987235384,american,2.0,3.7083333333333335,0.21464295701012948,0.2465482551526308,0.03125045715676501,0.11042578059117517,0.3064422252051662,0.09069032488413348
xomRWgUrcq2ESC6oBwrfbA,Boston Pizza,Calgary,,51.1638004829,-114.12611844,american,2.0,3.5,0.20246293023261114,0.3361114872948626,0.037994742300057616,0.27611905602100584,0.13233841630810902,0.014973367843353775
yArPJTcbr2uv1Xuj3-hPHg,Red Rock Bar & Grill,Calgary,,51.12602929999999,-114.1974154,american,2.0,3.6666666666666665,0.3278879548467593,0.1545249502233411,0.06150919439713739,0.027546781293946943,0.2335040156835905,0.1950271035552248
yArPJTcbr2uv1Xuj3-hPHg,Red Rock Bar & Grill,Calgary,,51.12602929999999,-114.1974154,italian,2.0,3.6666666666666665,0.3278879548467593,0.1545249502233411,0.06150919439713739,0.027546781293946943,0.2335040156835905,0.1950271035552248
yfYbdNBgcIgW-COoljo96w,Rasoi Kitchen,Calgary,,51.023974,-114.1120176,american,3.0,4.2,0.1776492509463535,0.3838957846783704,0.004504659553915318,0.025910547077797132,0.2302801225269352,0.17775963521662852
yhf9NlNKu8efjVHHGiNIqA,Alloy,Calgary,,51.0162818,-114.0602169,american,3.0,4.0,0.21669036018310825,0.20486650051836816,0.04116040374976273,0.1080958439545943,0.2968358574994265,0.13235103409473975
ymuI9CgRiCYYB_F4wGxQ3A,Boxwood Cafe,Calgary,,51.0409486699,-114.07080888700001,american,2.0,3.5357142857142856,0.22134132368136752,0.2116118807218233,0.08423091793659221,0.1081117448225054,0.2976332087742705,0.07707092406344104
yxP-LWf7bEk_A4TT7C-5qg,Loungeburger,Calgary,,51.03958096970001,-114.059254217,american,2.0,3.024390243902439,0.19294674732187825,0.22234773175592568,0.08712315509502082,0.17550058114357056,0.23934951462182985,0.08273227006177497
yz6ggIGCnSMur4aGa_CdKA,Red Lobster,Calgary,,51.0542624403,-113.982889286,american,2.0,3.1052631578947367,0.23886970322792614,0.2994705137146853,0.058537516932741875,0.0740246448412852,0.24441982162257575,0.08467779966078566
zMTPG5iGeakd06z-BqZrFg,Moxie's Grill & Bar,Calgary,,50.9582016,-114.072322,american,2.0,2.933333333333333,0.2320267340573336,0.2575689620224716,0.043108289070032564,0.14832147028325907,0.27383090262862003,0.04514364193828311
z_HWmTH5eR5iEJBfYsPvxg,East Side Mario's,Calgary,,50.9064840521,-114.066818164,american,2.0,2.6666666666666665,0.15991309014318222,0.2451701021733762,0.04475269680997456,0.06532901132624125,0.4377049012881475,0.04713019825907817
z_HWmTH5eR5iEJBfYsPvxg,East Side Mario's,Calgary,,50.9064840521,-114.066818164,italian,2.0,2.6666666666666665,0.15991309014318222,0.2451701021733762,0.04475269680997456,0.06532901132624125,0.4377049012881475,0.04713019825907817
zqi98xcBzlpnPziR9-yl5A,Big Sky BBQ Pit,Calgary,,50.7749073,-113.9758695,american,2.0,3.8695652173913038,0.22623423472903645,0.14624460056136554,0.1292072779253826,0.12304999916061095,0.3146746098663099,0.060589277757294425
zwFScgZRXOsWnucfwyn8pw,Nottinghams Pub & Restaurant,Calgary,,51.116559434799996,-114.204570151,american,2.0,3.692307692307693,0.17664103954158408,0.21947278882427876,0.09456601524206147,0.11740534906772004,0.3455986860098977,0.04631612131445784
